Ticker,Last,Current,Expected,Return,Obs,Nop,Pnop,Adj_R2,F_stat,RSE,SPY,Sector
AAP,2017-05-24,105.29,177.45546602,0.685397150918,57.0,5,2,0.94983729472,213.073444633,0.145731312532,0.035205,Consumer Discretionary
AAPL,2017-05-03,152.74,129.420834892,-0.152672286947,62.0,4,1,0.975787526928,615.590659183,0.247342519715,3.697689,Information Technology
ABC,2017-05-04,94.65,109.720073285,0.159218946484,58.0,7,1,0.953593214506,168.324093567,0.155330048529,0.072017,Health Care
ABT,2017-05-03,50.83,74.9303843921,0.474137013419,64.0,3,1,0.912167440651,219.091290925,0.125944910868,0.416223,Health Care
ADBE,2017-06-28,148.21,207.565610411,0.400483168551,65.0,2,1,0.877926543154,231.137247742,0.203266290717,0.349729,Information Technology
ADI,2017-05-31,79.52,257.494606817,2.23811125273,64.0,2,1,0.878063251239,227.830653557,0.138816517344,0.139959,Information Technology
ADM,2017-05-02,41.96,38.8886355266,-0.0731974374025,60.0,2,1,0.889490206839,238.444667582,0.152212752705,0.111474,Consumer Staples
ADP,2017-05-04,103.18,103.031386915,-0.00144032840534,64.0,2,1,0.959664139607,750.442806058,0.0954551378523,0.218487,Information Technology
ADS,2017-05-08,242.07,445.972349662,0.842328044209,62.0,5,1,0.925874044171,153.384724251,0.231135092597,0.06297,Information Technology
ADSK,2017-05-31,112.26,261.82572551,1.33231538847,62.0,2,1,0.867397992296,200.511600338,0.244549908687,0.101515,Information Technology
AEP,2017-04-28,68.84,67.8858521525,-0.013860369661,63.0,3,1,0.9531329417,421.296931572,0.0944750680385,0.159211,Utilities
AET,2017-05-02,156.25,151.052959685,-0.0332610580168,61.0,3,1,0.952795917695,404.69216863,0.149600589158,0.243145,Health Care
AFL,2017-05-03,78.06,73.7921438096,-0.0546740480454,63.0,5,1,0.84692478485,69.6059289341,0.145808878013,0.146964,Financials
AIG,2017-05-04,65.29,39.3169356066,-0.397810758054,64.0,3,1,0.878485899914,152.81945046,0.554866372558,0.266011,Financials
AIV,2017-05-05,43.43,59.1488003853,0.361934155776,63.0,2,1,0.827836944287,150.061859797,0.198739325384,0.031934,Real Estate
AIZ,2017-05-04,106.27,129.159538644,0.215390407864,50.0,3,1,0.84643443507,91.0273168602,0.160888865714,0.027722,Financials
AJG,2017-04-28,59.1,53.1122107491,-0.10131623098,63.0,6,1,0.923449494954,125.653801332,0.115704242058,0.049335,Financials
AKAM,2017-05-09,53.28,61.9037117555,0.161856451867,63.0,3,1,0.889748489785,167.783524504,0.355379690696,0.042779,Information Technology
ALB,2017-05-04,118.8,91.7823542233,-0.227421260747,62.0,3,2,0.941807707287,330.082927571,0.177612966275,0.061468,Materials
ALGN,2017-05-04,158.56,172.897799751,0.09042507411,62.0,4,1,0.909185682436,153.67506302,0.287887919976,0.056729,Health Care
ALK,2017-05-05,87.13,144.080694119,0.65362899253,64.0,3,2,0.959714962076,501.285347667,0.19452275765,0.051165,Industrials
ALL,2017-05-02,90.21,87.1374003097,-0.0340605220078,63.0,3,2,0.914943583019,223.309317983,0.112413527267,0.153532,Financials
ALXN,2017-04-27,129.35,172.453586597,0.333232211808,61.0,4,1,0.937285022434,225.177315886,0.355492976762,0.137432,Health Care
AME,2017-05-08,61.78,67.9588921839,0.100014441306,63.0,5,1,0.975774092904,500.448739078,0.125887884292,0.066718,Industrials
AMG,2017-05-05,181.46,136.918786071,-0.24546023327,63.0,2,1,0.85740462579,187.398356516,0.212357885895,0.047564,Financials
AMGN,2017-04-27,180.89,144.14115517,-0.203155756702,63.0,3,1,0.895694325717,178.46892671,0.148170147103,0.622331,Health Care
AMP,2017-05-03,138.84,130.926118631,-0.0570000098574,41.0,3,1,0.910050194602,135.897485781,0.172879094702,0.099297,Financials
AMT,2017-04-27,136.62,163.939150506,0.199964503775,62.0,3,1,0.91071750323,208.408206934,0.317137699693,0.274353,Real Estate
AMZN,2017-04-28,1039.87,2236.25585238,1.15051482625,63.0,4,1,0.947828332848,282.596122206,0.275105633716,1.925055,Consumer Discretionary
AN,2017-04-25,42.82,33.6371082186,-0.214453334456,63.0,2,1,0.884757579132,238.998167225,0.196977988489,0.013286,Consumer Discretionary
ANSS,2017-05-04,127.91,166.810493453,0.304123942248,64.0,4,1,0.946784423638,281.215976067,0.208938489746,0.050529,Information Technology
ANTM,2017-04-26,190.58,193.21165399,0.0138086577305,59.0,3,1,0.914734659562,208.40983375,0.140501121455,0.237598,Health Care
AON,2017-05-09,140.0,142.404544663,0.0171753190227,63.0,2,1,0.926273441962,390.472633266,0.15751203589,0.171557,Financials
APC,2017-07-24,45.72,37.8414067323,-0.172322687396,65.0,2,1,0.873196177467,221.358322965,0.174869304986,0.115099,Energy
APD,2017-04-27,145.04,196.621880542,0.355638999874,63.0,2,1,0.926466732594,391.577893837,0.132709624063,0.149106,Materials
APH,2017-05-04,75.84,66.1355278349,-0.127959812303,64.0,4,1,0.968435336758,484.225702007,0.140361810735,0.109686,Information Technology
ARE,2017-05-02,120.14,136.899428342,0.139499153835,63.0,3,1,0.873830688923,144.134391532,0.144531848644,0.051916,Real Estate
ATVI,2017-05-04,60.95,47.6891057199,-0.217570045613,64.0,3,1,0.822428175245,98.2620048476,0.352603588035,0.199161,Information Technology
AVB,2017-05-02,187.84,197.263839808,0.0501695049427,63.0,3,1,0.938018739655,313.76744796,0.161202607803,0.123037,Real Estate
AWK,2017-05-03,80.76,93.2682407493,0.154881633844,33.0,1,1,0.931275638268,434.628187639,0.149271086821,0.068082,Utilities
AXP,2017-04-27,85.41,81.16316162,-0.0497229642898,63.0,3,2,0.822508910974,96.7711037032,0.188583824288,0.302279,Financials
AYI,2017-06-29,206.25,190.976363955,-0.0740539929445,60.0,3,1,0.970222132361,641.779101479,0.156508257503,0.041214,Industrials
AZO,2017-06-14,511.01,684.283197261,0.33907985609,64.0,3,1,0.963300386346,552.213108243,0.158124843886,0.068201,Consumer Discretionary
BA,2017-04-26,212.46,122.529436792,-0.423282327065,63.0,2,1,0.886549909064,243.247907906,0.192193865615,0.556834,Industrials
BAC,2017-05-02,24.48,22.691171321,-0.0730730669545,63.0,3,1,0.828804385168,101.052936384,0.224995847766,1.123906,Financials
BAX,2017-05-04,62.09,54.8107503294,-0.117237069907,63.0,2,1,0.915732522653,337.876207714,0.125858435562,0.145168,Health Care
BBBY,2017-06-30,28.31,37.1011004001,0.310529862242,66.0,5,2,0.821839131547,60.967762859,0.127251599022,0.021283,Consumer Discretionary
BCR,2017-04-27,322.01,370.672369416,0.15112067767,65.0,2,1,0.972984156189,1153.49011715,0.0990532938519,0.110229,Health Care
BDX,2017-05-02,204.27,229.891379472,0.125428988459,63.0,2,1,0.94448073499,528.364740495,0.127999269321,0.218064,Health Care
BEN,2017-04-28,47.28,50.2988295429,0.0638500326325,64.0,2,1,0.876328898412,224.207846825,0.185560225336,0.076358,Financials
BIIB,2017-07-25,282.96,319.050971097,0.127547961184,64.0,4,2,0.94284991153,260.840124557,0.194400607604,0.28362,Health Care
BLK,2017-05-09,431.35,362.879356892,-0.158735697481,63.0,4,1,0.896949442563,135.911607521,0.254377070588,0.243823,Financials
BLL,2017-05-08,42.51,42.5733379213,0.00148995345385,64.0,3,1,0.940931259049,335.517989074,0.157474900643,0.070056,Materials
BMY,2017-04-27,55.95,39.83472667,-0.288029907596,64.0,3,1,0.939830229215,329.012464664,0.133592497901,0.43088,Health Care
BRKB,2017-05-05,172.94,204.819531555,0.184338681362,64.0,2,1,0.938786099141,484.088999525,0.0943783996542,1.535148,Financials
BSX,2017-05-03,27.58,19.864818375,-0.279738275018,63.0,3,1,0.832639648316,103.819370849,0.233618584462,0.179122,Health Care
BWA,2017-04-27,45.84,41.8570378049,-0.086888355041,61.0,2,1,0.922280671744,357.00436562,0.192835446044,0.043554,Consumer Discretionary
BXP,2017-05-08,119.27,125.501315347,0.0522454544068,63.0,3,1,0.950816698881,400.5301521,0.131443680677,0.086219,Real Estate
C,2017-05-01,68.03,63.2167244916,-0.0707522491317,63.0,3,1,0.935017552418,298.367932455,0.272587054264,0.861886,Financials
CA,2017-05-12,35.03,30.7356406826,-0.12259090258,55.0,2,1,0.805024619831,112.479022206,0.0969135241026,0.051181,Information Technology
CAG,2017-07-21,34.16,25.5972437461,-0.250666166685,65.0,2,1,0.886968816465,252.107714166,0.127783769622,0.065788,Consumer Staples
CAH,2017-05-02,77.69,58.9380427202,-0.24136899575,63.0,4,1,0.804166506877,64.6488715891,0.163969717463,0.114934,Health Care
CAT,2017-05-03,114.54,111.213183514,-0.0290450190882,63.0,3,1,0.898719309575,184.38670797,0.179401908152,0.298248,Industrials
CB,2017-05-04,147.36,147.957575089,0.00405520554191,63.0,3,1,0.965985382994,587.915263862,0.119694319751,0.321877,Financials
CBS,2017-05-04,66.08,87.01563326,0.316822537228,45.0,6,1,0.918965346326,84.1629296951,0.191258587768,0.115471,Consumer Discretionary
CCI,2017-05-04,99.5,121.420331719,0.220304841398,64.0,2,1,0.841415098232,168.131771681,0.412138295412,0.167971,Real Estate
CELG,2017-04-27,136.44,256.200463473,0.877751857764,64.0,3,2,0.936306665658,309.70483045,0.288115893144,0.502063,Health Care
CERN,2017-04-28,65.55,67.9820232522,0.0371018039999,63.0,3,1,0.966944401362,605.542602518,0.171043612586,0.090463,Health Care
CF,2017-05-04,30.17,24.0967922192,-0.201299561844,44.0,2,1,0.868389112948,142.860345649,0.249192094087,0.03384,Materials
CHD,2017-05-04,53.33,51.3296495915,-0.0375089144668,64.0,3,2,0.990429557668,2174.25594685,0.075907412605,0.063916,Consumer Staples
CHK,2017-05-04,4.85,3.4037299329,-0.298200013835,63.0,4,1,0.812083569842,67.9834741004,0.272419258935,0.016854,Energy
CHRW,2017-05-09,65.93,68.5126691744,0.0391728981401,63.0,4,1,0.953843501004,321.314031329,0.125990992089,0.043206,Industrials
CI,2017-05-05,173.81,196.839108275,0.132495876388,64.0,3,1,0.934297462712,299.622359606,0.172490564594,0.210516,Health Care
CINF,2017-04-26,75.69,80.7356535364,0.0666620892643,63.0,4,3,0.924033586536,189.537538343,0.114460435049,0.052174,Financials
CL,2017-07-21,72.05,72.5365240171,0.00675258871755,64.0,4,1,0.968838873846,490.687445429,0.0841208732899,0.300249,Consumer Staples
CLX,2017-05-03,132.87,128.722628328,-0.0312137553412,63.0,5,1,0.902827709873,116.208395189,0.139174292953,0.078702,Consumer Staples
CME,2017-05-04,121.89,100.967725672,-0.171648817197,54.0,6,1,0.831848749455,44.6987370777,0.182929217439,0.192235,Financials
CMG,2017-04-26,348.62,642.332582399,0.842500666625,41.0,3,1,0.944565370223,228.190205599,0.192648786826,0.048585,Consumer Discretionary
CMI,2017-05-02,167.7,158.389502633,-0.0555187678413,62.0,6,2,0.967444253925,303.118195222,0.180858712656,0.119858,Industrials
CMS,2017-05-01,46.16,44.5485899741,-0.0349092293304,63.0,2,1,0.942976062032,513.631343343,0.154345890573,0.060634,Utilities
CNC,2017-07-25,82.85,50.5715691805,-0.389600854792,59.0,5,1,0.885216553235,90.4598681859,0.260217228308,0.069404,Health Care
CNP,2017-05-05,27.92,32.3218256215,0.157658510798,65.0,5,2,0.917179693934,142.751469417,0.149279475548,0.056043,Utilities
COG,2017-04-28,25.12,25.4855842248,0.014553512134,63.0,3,1,0.947721166662,375.64947463,0.223272007495,0.056021,Energy
COH,2017-05-10,48.52,53.1122189804,0.094645898194,64.0,3,1,0.878417692473,152.72249908,0.229662041823,0.063757,Consumer Discretionary
COL,2017-04-21,109.73,146.382071209,0.334020515889,61.0,3,1,0.936769365483,297.302377047,0.120041668618,0.083666,Industrials
COO,2017-06-02,250.83,324.409062117,0.293342351859,63.0,2,1,0.907394210069,304.752287337,0.20819971156,0.057832,Health Care
COST,2017-06-01,153.17,217.171006845,0.417842964321,65.0,2,1,0.97586095316,1294.65300575,0.0914532261018,0.312402,Consumer Staples
CPB,2017-06-08,52.53,60.3942770716,0.149710205055,63.0,4,1,0.872321936884,106.899084711,0.135687632338,0.047278,Consumer Staples
CRM,2017-05-22,90.63,140.41263123,0.549295280038,49.0,2,0,0.842700068919,129.574764878,0.350897633603,0.285547,Information Technology
CSX,2017-07-19,51.56,77.9959999708,0.51272304055,65.0,2,1,0.943655044067,536.93016287,0.182206576164,0.222088,Industrials
CTAS,2017-04-07,137.3,138.317401604,0.00741006266789,63.0,4,1,0.911922905267,161.482189773,0.134895172641,0.051105,Industrials
CTSH,2017-05-05,69.97,92.293185344,0.319039378934,63.0,5,2,0.933818822382,175.964450834,0.271697148686,0.194408,Information Technology
CTXS,2017-05-08,81.79,40.2641803723,-0.50771267426,62.0,4,1,0.855220680879,91.0827235726,0.251265475829,0.059767,Information Technology
CVS,2017-05-02,78.91,88.8926870873,0.126507249871,63.0,4,3,0.937582492738,233.827763794,0.160413621141,0.370827,Consumer Staples
CVX,2017-05-04,104.39,96.1746383339,-0.0786987418919,64.0,5,1,0.952626266977,254.370173682,0.114616897954,0.935073,Energy
CXO,2017-05-04,131.7,222.586842829,0.690105108797,37.0,5,1,0.859524439586,45.0544671741,0.210823513109,0.088332,Energy
D,2017-05-04,76.79,87.4714926159,0.139100047088,64.0,2,1,0.963783114325,839.260041851,0.0953178501497,0.228313,Utilities
DAL,2017-07-13,51.14,62.5365665748,0.222850343661,36.0,1,1,0.909812695997,354.081231466,0.231171198878,0.182825,Industrials
DD,2017-04-25,85.49,80.0360438735,-0.063796422114,63.0,3,1,0.864263983492,132.589655556,0.140805184406,0.34695,Materials
DE,2017-06-02,127.9,136.647029345,0.0683895961331,64.0,2,1,0.916952662286,348.801743644,0.169706108171,0.173513,Industrials
DFS,2017-05-02,63.79,59.8611926267,-0.0615897064325,34.0,5,1,0.95703060708,147.997701794,0.152233443479,0.111498,Financials
DG,2017-06-01,73.57,89.0479339515,0.210383769899,30.0,1,0,0.932350889398,400.682649955,0.0965642377663,0.085415,Consumer Discretionary
DGX,2017-07-25,108.18,105.154555545,-0.0279667633111,64.0,2,1,0.869177940631,210.285079763,0.119832472116,0.071001,Health Care
DHI,2017-04-25,37.0,32.8281703492,-0.112752152724,64.0,3,1,0.830452617343,103.859181256,0.194777011223,0.057931,Consumer Discretionary
DHR,2017-07-20,81.99,79.471883114,-0.0307124879373,64.0,3,2,0.940384496268,332.257360675,0.14543772503,0.239245,Health Care
DIS,2017-05-09,106.42,103.870998958,-0.023952274406,62.0,2,1,0.951767073518,602.848112059,0.142214600435,0.736062,Consumer Discretionary
DISCA,2017-05-09,25.93,25.9941777716,0.00247503939999,34.0,3,1,0.925205727017,137.070083862,0.0990718897247,0.018553,Consumer Discretionary
DISH,2017-05-01,64.44,57.5524692074,-0.106882849048,68.0,2,1,0.827809177378,162.05159973,0.214849739628,0.069328,Consumer Discretionary
DLR,2017-05-10,112.44,131.936296651,0.173392890883,46.0,3,1,0.952522158396,301.936855873,0.127688374682,0.084491,Real Estate
DLTR,2017-05-25,70.59,235.432957416,2.33521684964,58.0,8,3,0.941546006505,115.765731051,0.211127223247,0.07901,Consumer Discretionary
DOV,2017-07-20,84.28,86.6413188359,0.0280175467005,64.0,3,1,0.896739071057,183.36830411,0.170398146285,0.061066,Industrials
DPS,2017-04-26,91.89,151.221647726,0.645681224573,33.0,8,1,0.985311119173,269.314824194,0.0602102653511,0.079249,Consumer Staples
DRI,2017-07-21,86.85,81.5197535109,-0.0613730165695,64.0,2,1,0.904554164476,299.530114223,0.163593536258,0.052537,Consumer Discretionary
DTE,2017-04-26,106.3,119.579710906,0.124926725364,63.0,2,1,0.959515424614,735.723728228,0.102195741983,0.090306,Utilities
DUK,2017-05-09,83.81,88.2282138785,0.0527170251578,41.0,2,0,0.879032481883,146.333639239,0.115712347566,0.280121,Utilities
DVA,2017-05-02,65.37,223.688381882,2.42188131991,63.0,5,2,0.905630688334,119.998648364,0.221687204088,0.048722,Health Care
ECL,2017-05-04,132.9,117.17863017,-0.118294731604,64.0,5,1,0.964036689306,338.757065486,0.115251207093,0.163773,Materials
ED,2017-05-04,81.51,85.8697127074,0.0534868446494,63.0,2,1,0.971200940674,1046.42404736,0.0695486326526,0.118483,Utilities
EFX,2017-04-27,144.8,159.435784396,0.101075859089,64.0,5,1,0.932603653075,175.353753057,0.150631421965,0.0808,Industrials
EIX,2017-05-01,78.39,85.1658491911,0.0864376730589,41.0,3,1,0.91593593827,146.275863735,0.104148650619,0.120465,Utilities
EL,2017-05-03,98.75,112.25931541,0.136803194029,65.0,2,1,0.95050367973,615.512706917,0.157485685665,0.102549,Consumer Staples
EMN,2017-05-05,86.12,99.2431166922,0.152381754439,64.0,2,1,0.891145877194,258.87810703,0.224972147576,0.059397,Materials
EMR,2017-05-04,60.43,43.3735359846,-0.282251597144,50.0,3,1,0.856779518816,98.7099459399,0.1124907173,0.183343,Industrials
EOG,2017-05-08,94.87,79.0669252484,-0.166576101524,63.0,3,1,0.936414196635,305.353472623,0.196427078493,0.255041,Energy
EQIX,2017-05-05,436.96,646.818624021,0.480269644866,65.0,3,1,0.859713249821,131.736147969,0.43582511581,0.161547,Real Estate
EQR,2017-05-04,66.07,53.4780892947,-0.190584390878,63.0,3,1,0.934095810861,293.919873683,0.142154234248,0.116204,Real Estate
EQT,2017-04-27,64.06,93.5538800415,0.460410241048,64.0,4,1,0.917833378203,176.933674654,0.170128925209,0.049908,Energy
ES,2017-05-05,60.48,60.0055810786,-0.00784422819851,64.0,4,1,0.940294310133,249.043953895,0.134503643415,0.090556,Utilities
ESRX,2017-07-25,62.56,89.9775021408,0.43825930532,65.0,3,2,0.932030070601,293.530952269,0.229943176977,0.175401,Health Care
ESS,2017-05-01,261.45,403.024764079,0.541498428298,64.0,3,1,0.885627660315,163.610828088,0.217153134873,0.081751,Real Estate
ETFC,2017-05-04,41.92,34.4446251607,-0.178324781471,64.0,2,1,0.90865202886,314.33524491,0.319821041683,0.051774,Financials
ETN,2017-05-02,79.33,75.215112062,-0.0518705147867,63.0,3,1,0.903281003647,194.010764303,0.17128976049,0.16851,Industrials
ETR,2017-05-05,75.42,54.6872673421,-0.274897012171,63.0,3,1,0.897046157913,181.070539907,0.10976815715,0.064662,Utilities
EW,2017-04-28,115.87,142.244426292,0.227620836209,64.0,3,1,0.959997930126,504.972834306,0.178858753778,0.11875,Health Care
EXC,2017-05-03,37.02,34.1304378605,-0.0780540826443,65.0,2,1,0.816446885981,143.336459346,0.159616548532,0.164258,Utilities
EXPD,2017-05-04,59.6,40.1147877151,-0.326933092029,64.0,3,1,0.844960911915,115.449713097,0.169448076192,0.049951,Industrials
EXPE,2017-04-28,154.57,175.583431126,0.135947668537,44.0,4,1,0.85634193929,65.0804685925,0.236716176418,0.087737,Consumer Discretionary
EXR,2017-05-05,79.48,62.5840588101,-0.212581041644,50.0,2,1,0.947244559565,440.907079114,0.201284248303,0.04548,Real Estate
FAST,2017-07-17,44.08,49.0054174769,0.111738146028,60.0,5,3,0.963247975488,310.270747983,0.129173791896,0.058035,Industrials
FDX,2017-07-17,214.37,236.490388104,0.103187890582,66.0,2,1,0.885197311752,251.594416133,0.137263626358,0.244887,Industrials
FFIV,2017-05-10,128.02,141.166470899,0.102690758469,64.0,3,1,0.923591221737,254.837531465,0.268808523162,0.03883,Information Technology
FIS,2017-05-03,89.7,68.6378556409,-0.234806514594,60.0,2,0,0.897495718307,259.29285619,0.262056837596,0.139173,Information Technology
FISV,2017-04-27,126.39,146.279641963,0.157367212304,63.0,2,1,0.971247944278,1048.1837758,0.101799123356,0.127632,Information Technology
FITB,2017-05-05,26.59,22.2416074706,-0.16353488264,64.0,4,2,0.873374509964,109.632539373,0.211611410593,0.090093,Financials
FL,2017-06-06,45.75,49.8556996506,0.089742068866,59.0,2,1,0.909640516184,292.940301728,0.219653310205,0.030516,Consumer Discretionary
FLIR,2017-05-03,38.78,34.0858390595,-0.1210459242,64.0,4,2,0.866728845348,103.430112126,0.21893142044,0.024495,Information Technology
FLR,2017-05-04,45.68,58.1891243356,0.273842476698,61.0,2,1,0.865973095073,194.835654613,0.192951390301,0.029089,Industrials
FLS,2017-05-01,47.25,46.7887901235,-0.00976105558715,51.0,2,1,0.864834504031,160.958445354,0.311062321544,0.028156,Industrials
FMC,2017-05-03,77.99,50.9145516395,-0.347165641242,63.0,6,2,0.965094812042,286.706709358,0.154539571441,0.047069,Materials
FOX,2017-05-10,27.71,25.4248944806,-0.0824650133327,47.0,5,1,0.90288906763,86.537016477,0.147772904866,0.063442,Consumer Discretionary
FRT,2017-05-03,132.13,126.121740824,-0.045472331611,64.0,4,1,0.963565718005,417.535175874,0.129999917103,0.044172,Real Estate
GD,2017-04-26,203.56,219.747834321,0.0795236506242,64.0,3,1,0.926240324072,264.708409247,0.144417690527,0.271227,Industrials
GE,2017-05-05,25.44,27.0492315057,0.063255955411,63.0,2,1,0.846196704409,171.556149241,0.117039751682,1.097335,Industrials
GILD,2017-05-10,73.74,106.020691235,0.437763645708,64.0,4,0,0.909361453584,159.017129138,0.295607725925,0.452251,Health Care
GIS,2017-06-29,55.12,53.3566882589,-0.0319904162034,65.0,6,1,0.944074194452,181.062220688,0.113408381612,0.148053,Consumer Staples
GOOGL,2017-07-25,969.03,1049.25655109,0.0827905752061,51.0,3,2,0.934157514853,237.462701545,0.13724641639,1.392971,Information Technology
GPC,2017-04-25,83.32,89.041581478,0.0686699649306,63.0,3,1,0.973492805855,759.995886582,0.087791543312,0.056984,Consumer Discretionary
GPN,2017-05-04,95.01,109.023694001,0.147497042424,62.0,3,1,0.887257925929,161.019330043,0.200041644901,0.067072,Information Technology
GPS,2017-06-05,23.97,22.44288848,-0.0637092832696,64.0,3,2,0.85880242133,128.727762882,0.15208430306,0.024617,Consumer Discretionary
GRMN,2017-05-03,52.56,51.7342036205,-0.0157114988485,63.0,2,1,0.812097174485,134.978892228,0.253504335423,0.027969,Consumer Discretionary
GWW,2017-04-27,169.06,210.573412474,0.245554314884,63.0,6,1,0.974405228709,394.394960071,0.110464368574,0.042349,Industrials
HAL,2017-04-28,42.69,44.9788156562,0.0536147963516,64.0,3,2,0.834373399316,106.791227455,0.25318612106,0.185438,Energy
HAS,2017-05-10,106.32,143.643464427,0.351048386256,63.0,2,1,0.952246462845,619.166571666,0.145697031078,0.059889,Consumer Discretionary
HBAN,2017-04-28,13.4,11.3632886153,-0.15199338692,66.0,4,2,0.808109777375,69.4338352561,0.2325956714,0.068648,Financials
HBI,2017-05-03,23.57,17.1406668045,-0.272776121999,37.0,2,1,0.917325405881,200.721056773,0.217147912291,0.041,Consumer Discretionary
HCN,2017-05-05,73.01,61.0177025197,-0.164255546915,65.0,3,1,0.917940047813,239.639196078,0.167304781967,0.127293,Real Estate
HCP,2017-05-02,31.7,24.8504698375,-0.216073506704,65.0,3,1,0.88884849623,171.596893517,0.174743677831,0.069131,Real Estate
HD,2017-05-23,146.97,167.266960521,0.1381027456,63.0,5,2,0.943545747566,208.246872739,0.150948763589,0.829277,Consumer Discretionary
HES,2017-05-04,45.37,37.4834287141,-0.173827888162,63.0,2,1,0.821369515505,143.542607174,0.231492841538,0.05519,Energy
HIG,2017-04-27,53.94,42.7592980685,-0.207280347266,63.0,2,1,0.814318407083,136.952466925,0.220859321011,0.093204,Financials
HOLX,2017-05-10,45.09,46.8003068248,0.0379309564169,64.0,2,1,0.819874341831,144.377917561,0.353247242257,0.059978,Health Care
HON,2017-07-21,137.25,154.366894785,0.124713258905,64.0,6,1,0.956284650527,230.69023356,0.122149444647,0.48528,Industrials
HP,2017-05-05,56.16,58.6698696805,0.0446914116898,64.0,3,1,0.908106485945,208.525377619,0.207080855637,0.02872,Energy
HRL,2017-06-09,34.11,40.2278444344,0.179356330532,65.0,4,2,0.981979549632,872.880140242,0.0925547025519,0.041164,Consumer Staples
HRS,2017-05-03,114.97,119.676385559,0.0409357707165,63.0,3,2,0.9512826283,404.548884084,0.14093339167,0.066473,Information Technology
HSIC,2017-05-09,184.74,160.828337023,-0.129434139746,63.0,2,1,0.968859221379,965.479283831,0.107325783983,0.06883,Health Care
HSY,2017-04-28,107.44,128.173307016,0.1929756796,63.0,3,1,0.898557306975,184.060837508,0.155535035686,0.070446,Consumer Staples
HUM,2017-05-03,234.91,268.124979558,0.141394489626,58.0,2,1,0.921198513512,334.16830437,0.22554455754,0.160577,Health Care
IBM,2017-07-25,146.19,115.721926294,-0.208414212367,65.0,2,1,0.868727730195,212.768162518,0.144788596564,0.597368,Information Technology
IDXX,2017-04-28,166.55,236.696544885,0.421174091175,63.0,4,2,0.974218851321,586.714484007,0.127002080324,0.069333,Health Care
IFF,2017-05-08,132.98,137.628009326,0.0349526945886,63.0,2,1,0.966603822229,898.249939634,0.104527928985,0.04926,Materials
ILMN,2017-05-05,173.85,18.5088307282,-0.893535629979,64.0,4,1,0.935556959477,229.651876015,0.387567989413,0.118077,Health Care
INCY,2017-05-04,133.56,22590.2840381,168.139592978,63.0,3,0,0.821292471503,95.9785265744,0.464827752891,0.106578,Health Care
INTC,2017-04-27,34.67,39.5504489256,0.140768645101,64.0,2,1,0.808636474437,134.108171318,0.135443181274,0.771923,Information Technology
INTU,2017-05-23,136.84,86.8890858368,-0.365031527062,63.0,2,1,0.899703619424,279.083935253,0.190533186784,0.155036,Information Technology
IR,2017-04-26,90.47,104.148423192,0.151192916902,57.0,3,2,0.84383506481,101.865074847,0.221521736473,0.112773,Industrials
IRM,2017-04-27,34.86,37.3565285754,0.071615851273,63.0,3,1,0.904274637711,196.228746758,0.129876631352,0.040103,Real Estate
ISRG,2017-07-21,944.92,1211.10688035,0.281703086342,65.0,6,2,0.972831823577,382.949550946,0.226353777338,0.168206,Health Care
IT,2017-05-04,128.47,155.965619157,0.214023656549,63.0,2,1,0.942716768792,511.17058948,0.196497614507,0.055177,Information Technology
ITW,2017-05-05,141.65,194.954067415,0.376308276843,64.0,3,1,0.946051213769,369.258062454,0.111847310932,0.216239,Industrials
IVZ,2017-04-27,36.53,30.2270516832,-0.172541700432,37.0,4,1,0.817686068775,41.3653992294,0.148411053625,0.069827,Financials
JBHT,2017-04-28,93.36,98.6577266212,0.0567451437578,64.0,4,2,0.954920118694,334.629801891,0.187231000595,0.037827,Industrials
JEC,2017-05-09,52.99,60.4171715685,0.140161758229,64.0,5,1,0.860309694292,78.5995305696,0.16226676513,0.029892,Industrials
JNJ,2017-05-08,131.88,125.95503032,-0.0449269766455,52.0,3,1,0.967912749686,513.805447131,0.0635089789341,1.735509,Health Care
JPM,2017-05-02,92.8,79.6128095387,-0.142103345488,64.0,3,1,0.875814223623,149.101491432,0.136378199792,1.528485,Financials
JWN,2017-05-31,48.09,67.1134865425,0.395580922073,61.0,3,1,0.887864544989,159.355721641,0.217245937995,0.025731,Consumer Discretionary
K,2017-05-08,67.57,60.5692028676,-0.103608067669,63.0,7,2,0.932057412681,122.505023298,0.0956828058813,0.078453,Consumer Staples
KEY,2017-05-05,18.48,15.2546135999,-0.174533896108,63.0,1,1,0.864883788965,397.864258591,0.187865546979,0.094969,Financials
KIM,2017-04-28,19.67,21.1409494342,0.07478136422,65.0,2,1,0.876658873086,228.443064942,0.147485587302,0.03725,Real Estate
KMB,2017-04-24,124.68,135.218467973,0.0845241255485,64.0,4,1,0.953398952583,323.225236027,0.100373246984,0.2076,Consumer Staples
KMX,2017-07-07,66.18,57.0887297315,-0.137371868669,58.0,2,1,0.878224197284,206.536642456,0.204691148951,0.056767,Consumer Discretionary
KO,2017-04-27,45.24,44.1171061188,-0.0248208196562,64.0,2,0,0.939827759134,492.997206462,0.0951160067252,0.813011,Consumer Staples
KR,2017-06-27,23.68,24.8080748159,0.0476382945924,68.0,3,2,0.950424564309,429.158589171,0.119671075053,0.101282,Consumer Staples
KSU,2017-07-21,104.35,124.543989158,0.193521697734,64.0,2,1,0.935140764684,455.167150504,0.200479657293,0.052439,Industrials
L,2017-05-01,48.48,47.2648457897,-0.0250650620944,61.0,3,1,0.953636433051,412.373194865,0.0825347412422,0.062063,Financials
LB,2017-06-02,45.43,42.802982626,-0.0578256080565,64.0,2,1,0.895480587837,270.879421756,0.276428892624,0.050966,Consumer Discretionary
LEG,2017-05-09,53.8,61.0047260471,0.133916841024,64.0,2,1,0.885427512593,244.43511499,0.162155709126,0.033097,Consumer Discretionary
LEN,2017-06-30,53.19,52.7143885117,-0.00894174634855,64.0,3,2,0.840822400696,111.928111065,0.224718774165,0.051034,Consumer Discretionary
LH,2017-04-28,156.93,168.95586417,0.0766320280996,60.0,5,2,0.904269361127,112.462522207,0.127930963073,0.074548,Health Care
LKQ,2017-05-01,32.9,41.4274344984,0.259192537946,53.0,3,2,0.940893479935,276.922525993,0.196845519908,0.04775,Consumer Discretionary
LLY,2017-05-01,82.19,67.7701606227,-0.175445180403,63.0,4,1,0.887184953537,122.893020576,0.116438882555,0.388181,Health Care
LMT,2017-07-20,289.83,371.665185771,0.282355814689,64.0,5,1,0.933264012881,177.203680652,0.165775126782,0.340832,Industrials
LNT,2017-05-04,40.55,53.1903908068,0.311723571069,64.0,4,1,0.946227764511,278.152087051,0.175331614114,0.044069,Utilities
LOW,2017-06-06,75.69,97.1875728607,0.284021308768,61.0,4,1,0.887251912438,119.039950605,0.168273486922,0.293714,Consumer Discretionary
LRCX,2017-04-24,164.46,178.383599544,0.0846625291507,61.0,4,1,0.854315682741,88.9623523124,0.206766714036,0.126075,Information Technology
LUV,2017-05-03,58.82,72.7208953235,0.236329400263,59.0,2,1,0.861241846585,180.996727661,0.206200977562,0.172294,Industrials
M,2017-06-02,23.49,16.4220938436,-0.3008900024,66.0,2,2,0.820349700989,149.407018686,0.219453429926,0.033199,Consumer Discretionary
MA,2017-05-02,129.98,129.988219393,6.32358273795e-05,43.0,3,1,0.980209312868,694.403432059,0.108514144629,0.570448,Information Technology
MAA,2017-04-27,101.41,186.268692002,0.83678820631,64.0,4,1,0.948927869926,293.637372468,0.140013669225,0.053406,Real Estate
MAC,2017-05-01,59.24,51.2941248393,-0.134130235663,63.0,3,1,0.864093904263,132.399114891,0.203840736399,0.034588,Real Estate
MAR,2017-05-09,103.06,100.747405045,-0.0224393067642,65.0,4,1,0.854408185933,94.8962884863,0.221529781364,0.151767,Consumer Discretionary
MAT,2017-04-27,21.09,17.9132795976,-0.150626856444,63.0,3,1,0.872804138621,142.812414356,0.155149280433,0.033648,Consumer Discretionary
MCD,2017-05-08,159.07,153.430560023,-0.0354525679098,64.0,4,1,0.960060191325,379.593401292,0.147165636951,0.592931,Consumer Discretionary
MCHP,2017-05-30,80.94,101.343205599,0.252078151704,64.0,2,0,0.922113285812,373.933545932,0.116446300342,0.089863,Information Technology
MCK,2017-05-22,167.63,291.296542566,0.737735146254,63.0,2,1,0.956964428095,690.334333377,0.141017792881,0.164509,Health Care
MCO,2017-05-09,132.75,34.397225556,-0.740887189786,63.0,5,2,0.941417471764,200.267204769,0.141075091932,0.100036,Financials
MDLZ,2017-05-03,44.24,40.7545518997,-0.0787849932245,62.0,7,1,0.846735239353,49.1434399461,0.159996574312,0.315197,Consumer Staples
MHK,2017-05-05,241.27,244.746111166,0.0144075565381,60.0,3,1,0.879101763768,144.004578834,0.178705393299,0.071576,Consumer Discretionary
MKC,2017-06-30,94.81,92.7689464774,-0.0215278295814,64.0,3,1,0.979959039463,1027.85396692,0.0762730378539,0.049557,Consumer Staples
MLM,2017-05-10,228.1,256.982234233,0.126620930437,59.0,2,1,0.851809605105,167.694194758,0.226400924205,0.067149,Materials
MMC,2017-04-28,80.56,89.6797660018,0.113204642525,63.0,5,1,0.85841836753,76.1819820951,0.154650159175,0.193494,Financials
MMM,2017-05-03,199.39,236.273152566,0.184979951683,63.0,6,2,0.954237531419,216.470336217,0.0945186484122,0.598874,Industrials
MNST,2017-05-08,53.39,41.1452179829,-0.229345982714,63.0,4,1,0.92667953873,196.900743143,0.543647685957,0.099779,Consumer Staples
MO,2017-05-02,72.24,65.0449899429,-0.0995986995717,63.0,5,2,0.960402337637,301.74979875,0.166564488097,0.670558,Consumer Staples
MON,2017-06-29,117.54,117.272565312,-0.00227526533788,57.0,4,1,0.891995781003,116.624565874,0.229729828473,0.242208,Materials
MRO,2017-05-05,12.34,0.327619045943,-0.973450644575,64.0,5,1,0.895782938322,109.301508804,0.243119474598,0.047824,Energy
MSFT,2017-04-27,74.19,75.1601362062,0.0130763742576,64.0,3,1,0.943748562163,353.323790599,0.0885820284497,2.703027,Information Technology
MTB,2017-05-05,161.5,155.424157378,-0.0376213165462,63.0,2,1,0.833105788509,155.746406199,0.136478123492,0.116479,Financials
MTD,2017-05-05,600.9,1163.0622498,0.935533782321,63.0,2,1,0.95903360431,726.717779965,0.1628214847,0.074972,Health Care
MYL,2017-05-10,38.82,38.7080706072,-0.00288329193193,67.0,3,1,0.860672096793,136.900890587,0.182972773464,0.084967,Health Care
NBL,2017-05-02,29.02,28.6275355011,-0.0135239317341,62.0,2,1,0.872588798447,209.882406164,0.230859456982,0.061688,Energy
NDAQ,2017-05-10,72.74,58.7089101396,-0.192893729178,60.0,2,1,0.866436057199,192.367993122,0.248788524295,0.038255,Financials
NEE,2017-04-21,143.11,158.599215011,0.108232932786,63.0,3,1,0.972686187349,736.971263419,0.100396758317,0.316867,Utilities
NFLX,2017-07-19,186.97,440.521223719,1.35610645408,59.0,3,1,0.915959356111,211.714087041,0.416126880215,0.372445,Consumer Discretionary
NI,2017-05-03,26.02,30.2768757611,0.163600144548,62.0,4,1,0.896165251866,132.617982771,0.193298127718,0.039396,Utilities
NKE,2017-07-20,59.39,63.854074024,0.0751654154563,64.0,2,1,0.977987479633,1400.50378673,0.116080243377,0.369092,Consumer Discretionary
NOC,2017-04-26,264.05,339.746062915,0.286673216871,61.0,7,3,0.972110083682,299.759309672,0.110829772704,0.217832,Industrials
NOV,2017-04-28,33.58,37.7711740977,0.124811616965,64.0,3,2,0.87217482112,144.286881379,0.259645617633,0.06069,Energy
NSC,2017-04-26,118.99,137.043634845,0.151723967099,63.0,2,1,0.942682287542,510.845031506,0.150920068702,0.162263,Industrials
NTRS,2017-05-02,88.15,83.1072110746,-0.0572069078317,63.0,2,1,0.807003960992,130.62505821,0.125989379096,0.088699,Financials
NUE,2017-05-10,60.92,54.0033415944,-0.113536743362,63.0,4,1,0.928231774989,201.473015879,0.172679888399,0.090044,Materials
NVDA,2017-05-23,165.35,305.526614299,0.847756965823,64.0,2,1,0.808110754409,133.657193401,0.32689685345,0.470104,Information Technology
NWL,2017-05-10,52.95,32.711508835,-0.382218907744,64.0,3,1,0.851557597355,121.469011723,0.172492827145,0.121008,Consumer Discretionary
O,2017-04-26,57.43,64.4527080217,0.122282918714,63.0,3,2,0.952703933074,417.297081274,0.14439260777,0.073288,Real Estate
OKE,2017-05-03,55.78,57.0643474457,0.0230252320848,63.0,3,1,0.834682959713,105.345652878,0.345335985847,0.098216,Energy
OMC,2017-07-20,79.5,86.6829732696,0.0903518650269,64.0,3,1,0.849740997076,119.758680621,0.152478599581,0.091865,Consumer Discretionary
ORCL,2017-06-27,51.17,53.5290548718,0.046102303533,65.0,1,0,0.926483276285,807.550219952,0.138885259149,0.724461,Information Technology
ORLY,2017-05-08,186.85,200.614824614,0.0736677795767,65.0,4,3,0.98283922773,917.358972419,0.125609157635,0.081469,Consumer Discretionary
OXY,2017-05-04,61.01,45.9777570493,-0.246389820532,63.0,3,1,0.973550389026,761.693281758,0.117997033575,0.217309,Energy
PAYX,2017-07-21,57.43,59.3670243998,0.033728441577,64.0,3,1,0.893426424155,177.046968101,0.116321695442,0.086523,Information Technology
PBCT,2017-05-10,17.9,15.3897667808,-0.140236492691,39.0,3,1,0.862501482,80.4555383643,0.0691518535719,0.028653,Financials
PCAR,2017-05-04,68.64,70.2396335636,0.0233046847848,63.0,2,1,0.919435370728,354.784244405,0.169049231846,0.113374,Industrials
PCG,2017-05-02,67.51,76.9518840341,0.13985904361,65.0,3,1,0.949366507244,400.995162334,0.122824360651,0.162913,Utilities
PCLN,2017-05-09,2016.91,1804.00685635,-0.105559069892,63.0,1,1,0.917244009805,688.190479794,0.488039664705,0.463481,Consumer Discretionary
PDCO,2017-06-28,43.0,46.9856324749,0.0926891273232,64.0,3,1,0.835430198245,107.605428068,0.12274357787,0.01667,Health Care
PEG,2017-04-28,43.86,40.7854704851,-0.0700987121504,63.0,3,1,0.93556994739,301.094621419,0.113629695593,0.106106,Utilities
PEP,2017-07-11,116.45,113.818286577,-0.022599514154,64.0,2,1,0.889188154065,253.765637255,0.129936476477,0.778356,Consumer Staples
PG,2017-04-26,89.14,76.2434360976,-0.144677629598,64.0,7,1,0.967808704975,271.578687129,0.0588746981294,1.068931,Consumer Staples
PGR,2017-05-03,46.91,43.9397007429,-0.0633191058849,63.0,1,0,0.930853178389,835.642803755,0.108347501002,0.127363,Financials
PH,2017-05-09,165.98,173.288045925,0.0440296778201,64.0,2,1,0.921236174617,369.42978816,0.159052840971,0.103873,Industrials
PHM,2017-04-25,24.54,16.9187555553,-0.310564158301,63.0,3,1,0.816718893615,93.0927283105,0.209452498431,0.032733,Consumer Discretionary
PKI,2017-05-09,68.23,73.2269362082,0.0732366438256,63.0,2,1,0.881319699516,231.205944656,0.184198448685,0.035043,Health Care
PM,2017-04-27,117.82,106.736403939,-0.0940722802637,33.0,3,1,0.943179807786,178.060024338,0.0868188765676,0.878133,Consumer Staples
PNC,2017-05-03,129.33,109.517047391,-0.153196880914,63.0,3,2,0.824396712706,98.0228537581,0.151478218744,0.290288,Financials
PNR,2017-04-25,63.27,40.3591776761,-0.362111938104,66.0,5,1,0.854874295168,77.5775149897,0.186115613575,0.05116,Industrials
PNW,2017-05-02,86.1,110.906219167,0.288109397996,63.0,4,1,0.92183715904,183.803948649,0.128220355593,0.044639,Utilities
PPG,2017-07-21,107.11,105.989645745,-0.0104598473954,64.0,4,2,0.965195495453,437.777631263,0.124430836882,0.129275,Materials
PPL,2017-05-04,37.97,39.2083690147,0.0326144064962,64.0,2,1,0.877005740975,225.609514783,0.150408204392,0.122501,Utilities
PRU,2017-05-05,113.52,102.833912148,-0.094133966276,58.0,2,1,0.804635833968,118.381409978,0.179197501956,0.224424,Financials
PSA,2017-05-04,207.72,190.576828924,-0.0825301900462,61.0,2,1,0.954667156388,632.771854788,0.161198389072,0.145421,Real Estate
PVH,2017-06-05,118.73,122.045544792,0.0279250803646,64.0,2,1,0.921427069708,370.401428559,0.212687402702,0.044013,Consumer Discretionary
PX,2017-04-27,135.86,116.876470974,-0.139728610526,64.0,3,2,0.964596652966,573.164255902,0.113003389137,0.18131,Materials
PXD,2017-05-03,162.6,198.440333499,0.220420255219,63.0,2,1,0.908587488584,309.122068958,0.234936623842,0.130664,Energy
QCOM,2017-07-19,53.27,61.7976871961,0.160084234955,64.0,1,0,0.800436332041,253.68872553,0.209931896832,0.375709,Information Technology
RAI,2017-05-03,65.4,76.0618309242,0.163024937678,48.0,2,1,0.928602815513,306.644631806,0.187750347414,0.2588,Consumer Staples
RCL,2017-04-28,114.92,162.602572629,0.414919706137,45.0,2,1,0.809125902128,94.2592218914,0.261439625832,0.090515,Consumer Discretionary
RE,2017-05-10,266.73,255.544895071,-0.0419341841165,67.0,3,1,0.959927563731,528.005801707,0.0896824733865,0.051837,Financials
REG,2017-05-10,64.89,43.3913979078,-0.331308400249,64.0,4,1,0.915100798668,170.764112652,0.1334812392,0.044388,Real Estate
REGN,2017-05-04,513.45,543.517946024,0.0585606115963,64.0,3,1,0.936434830933,310.369608204,0.361699410998,0.186824,Health Care
RHI,2017-05-05,47.8,45.8606602018,-0.0405719623047,62.0,2,1,0.809271958057,130.413559062,0.160163497824,0.029585,Industrials
RHT,2017-07-06,99.92,120.200967033,0.202972047973,65.0,2,1,0.911846013848,332.001168714,0.244594290893,0.083963,Information Technology
RIG,2017-05-03,8.77,18.1765662828,1.07258452483,64.0,2,1,0.801062650074,127.841307008,0.300269485433,0.015891,Energy
RJF,2017-05-10,84.99,86.0007326351,0.0118923712803,66.0,3,1,0.947290492455,390.391369652,0.128666356273,0.050655,Financials
RL,2017-05-18,74.98,109.924114991,0.466045812102,64.0,5,1,0.967184511106,372.365024591,0.123276566944,0.019858,Consumer Discretionary
ROK,2017-05-05,163.1,208.95076828,0.281120590314,63.0,2,1,0.918303433089,349.452909372,0.195357257921,0.101665,Industrials
ROP,2017-05-05,233.42,350.075112035,0.499764853205,63.0,4,1,0.976981643644,658.875620759,0.116740834316,0.112782,Industrials
ROST,2017-06-07,54.03,89.2858147674,0.652522945908,64.0,3,2,0.973959038049,786.421822646,0.15124179885,0.101502,Consumer Discretionary
RRC,2017-04-24,21.82,29.5260113523,0.35316275675,63.0,3,1,0.871525540027,141.195396275,0.337098649829,0.01903,Energy
RSG,2017-04-28,64.98,67.1978835826,0.0341317879753,63.0,6,1,0.96626018688,296.931947286,0.089199315653,0.070355,Industrials
RTN,2017-04-27,169.59,190.666627703,0.124279896825,63.0,4,1,0.956617935304,342.790509534,0.120755449282,0.232824,Industrials
SBUX,2017-05-02,58.55,65.0151867485,0.110421635328,63.0,4,1,0.960114921744,374.116512181,0.163611222056,0.39642,Consumer Discretionary
SCG,2017-05-05,64.56,76.9839469499,0.192440318308,61.0,2,1,0.961382746552,747.854833555,0.0834790962285,0.042948,Utilities
SCHW,2017-05-08,42.95,53.5535721097,0.246881772054,63.0,2,1,0.870667015657,209.691368428,0.166534658601,0.241307,Financials
SHW,2017-04-21,352.22,443.295144516,0.258574596888,63.0,6,1,0.973118284945,375.066743533,0.141787000811,0.134229,Materials
SJM,2017-06-19,121.02,132.193618768,0.0923286958215,64.0,2,1,0.960211147847,761.179033079,0.117597218841,0.065812,Consumer Staples
SLB,2017-04-26,67.01,73.7072018632,0.0999433198508,63.0,3,1,0.898065208862,183.077327173,0.173925701029,0.440412,Energy
SLG,2017-05-05,102.02,81.9204963976,-0.197015326431,64.0,2,1,0.812143069162,137.180797612,0.269534528816,0.04858,Real Estate
SNA,2017-07-20,149.94,155.670300092,0.0382172875282,64.0,5,1,0.964457276349,342.902939154,0.134195555954,0.040589,Industrials
SNI,2017-05-05,81.45,81.1318113267,-0.00390655215867,33.0,2,1,0.891124659089,131.957059938,0.0966110458796,0.034846,Consumer Discretionary
SNPS,2017-05-19,76.4,75.3225648099,-0.0141025548441,67.0,2,1,0.853539901636,193.317341505,0.135439035113,0.053537,Information Technology
SO,2017-05-03,46.78,53.8462795411,0.151053431832,64.0,2,1,0.970746938743,1046.3103797,0.0685691969227,0.221058,Utilities
SPG,2017-05-03,161.57,146.870245658,-0.0909807163597,64.0,2,1,0.948116292588,576.627007134,0.17564578782,0.237139,Real Estate
SRCL,2017-05-10,77.46,91.8487042651,0.185756574556,58.0,4,1,0.942835523552,236.030687682,0.168124923482,0.03024,Industrials
SRE,2017-05-09,112.76,130.545559077,0.157729328456,63.0,2,1,0.976500685003,1289.18738926,0.0965457687253,0.134373,Utilities
STZ,2017-06-29,193.67,260.713724372,0.346175062593,64.0,2,1,0.965803171704,890.638057809,0.157907155505,0.161214,Consumer Staples
SWK,2017-04-25,142.25,86.6681731289,-0.390733405069,64.0,1,0,0.8124432661,273.898363604,0.229463823885,0.105482,Industrials
SWKS,2017-05-03,106.39,152.078189554,0.429440638724,63.0,2,1,0.883729639288,236.619969271,0.325621784357,0.093808,Information Technology
SYK,2017-04-27,146.06,123.23365635,-0.156280594619,64.0,5,2,0.945085675523,217.848329191,0.100623057549,0.215723,Health Care
SYY,2017-05-09,51.97,69.9022728677,0.34505046888,64.0,4,3,0.905362306636,151.674174556,0.0868966518704,0.118965,Consumer Staples
T,2017-05-04,36.22,38.9704062768,0.0759361202875,63.0,3,1,0.865341389167,133.807860798,0.140198835033,1.059116,Telecommunication Services
TAP,2017-05-03,88.58,84.5597043957,-0.0453860420449,63.0,6,1,0.913193708784,109.705657834,0.134999452027,0.076256,Consumer Staples
TDG,2017-05-10,287.6,223.404735572,-0.223210237927,42.0,7,1,0.965619107198,165.503263166,0.174157730254,0.066591,Industrials
TEL,2017-04-26,83.22,72.5590244584,-0.128105930565,38.0,1,1,0.879541404534,271.159483779,0.185188093197,0.137618,Information Technology
TIF,2017-05-24,95.04,98.0187634204,0.0313422077061,64.0,2,1,0.880693742451,233.526385934,0.168484023583,0.047602,Consumer Discretionary
TJX,2017-05-26,68.7,95.8739519983,0.395545152814,63.0,1,0,0.972031619422,2155.78905671,0.136005443424,0.211213,Consumer Discretionary
TMK,2017-05-08,78.79,79.4464808962,0.00833203320459,63.0,3,1,0.955540655897,445.177497896,0.105122808673,0.040881,Financials
TMO,2017-05-05,180.13,206.726826559,0.147653508907,64.0,4,1,0.949702868723,298.389131399,0.152577825416,0.333951,Health Care
TROW,2017-04-25,83.83,74.1217318119,-0.115808996637,61.0,2,1,0.913273977108,316.916934728,0.178224148531,0.093924,Financials
TRV,2017-07-20,127.46,129.749302581,0.0179609491706,65.0,2,1,0.953898273773,663.117175628,0.11131550945,0.164168,Financials
TSCO,2017-05-10,53.53,51.7928105761,-0.0324526326159,65.0,4,1,0.959838527834,383.391770443,0.209721438215,0.032314,Consumer Discretionary
TSN,2017-05-08,62.72,72.4177019108,0.154618971792,61.0,2,1,0.887822907192,238.434279575,0.201437064628,0.083206,Consumer Staples
TSO,2017-05-09,97.8,88.104477988,-0.0991362168918,64.0,5,2,0.924271751763,154.784411278,0.295646236628,0.068446,Energy
TSS,2017-05-04,62.9,65.3930268211,0.0396347666317,64.0,2,1,0.889642638545,254.936327805,0.158152892613,0.048316,Information Technology
TWX,2017-05-03,99.81,111.085490533,0.112969547469,62.0,2,1,0.915865902532,333.016517296,0.135592587901,0.362852,Consumer Discretionary
TXN,2017-05-03,81.39,92.0203828765,0.13061042974,63.0,2,1,0.886910614948,244.119449723,0.151403775086,0.389622,Information Technology
UDR,2017-04-25,38.68,31.3639982026,-0.189141721753,63.0,2,1,0.883641333114,236.417627751,0.168845787946,0.048707,Real Estate
UHS,2017-05-08,122.9,175.337327999,0.426666623264,63.0,2,1,0.958468059467,716.413473633,0.136601500148,0.052243,Health Care
ULTA,2017-06-01,256.61,372.549841253,0.451813418234,36.0,3,1,0.958462902367,270.206753275,0.215907774618,0.07016,Consumer Discretionary
UNH,2017-05-08,190.4,222.206998352,0.167053562774,61.0,3,1,0.961850646202,505.255275886,0.122468056057,0.870492,Health Care
UNM,2017-04-27,48.66,47.8764671777,-0.0161021952804,63.0,2,1,0.80904925864,132.345533614,0.176521080178,0.051569,Financials
UNP,2017-07-20,104.96,111.338371571,0.0607695462202,64.0,2,1,0.977650465754,1378.92534434,0.120135863899,0.404284,Industrials
UPS,2017-05-04,113.22,101.05466329,-0.107448654923,63.0,6,2,0.923916451023,126.482272961,0.0869668441288,0.364733,Industrials
URI,2017-07-19,121.18,120.142469008,-0.00856189958757,56.0,1,1,0.817722999927,247.738562617,0.375701214196,0.048507,Industrials
USB,2017-05-05,53.17,45.1664711112,-0.150527156081,64.0,2,0,0.862919551052,199.292069123,0.137349184222,0.3941,Financials
UTX,2017-04-28,120.42,104.649206406,-0.130964902788,64.0,3,1,0.929966771459,279.857659535,0.132511539087,0.432445,Industrials
V,2017-07-20,99.99,115.406669663,0.154182114846,35.0,2,1,0.969510961537,541.577439535,0.109991587346,0.854476,Information Technology
VAR,2017-05-09,103.77,54.1523078421,-0.478150642362,63.0,3,2,0.901359792117,189.848977208,0.136295221064,0.046168,Health Care
VFC,2017-05-10,61.05,38.4061469663,-0.370906683599,63.0,2,1,0.969205571157,976.675595709,0.140035577262,0.087233,Consumer Discretionary
VIAB,2017-05-04,35.01,35.3510128057,0.00974044003752,41.0,3,1,0.837214398014,69.5739924417,0.168761534231,0.05964,Consumer Discretionary
VLO,2017-05-08,68.44,62.8098636568,-0.0822638273402,64.0,2,1,0.886832207866,247.847747235,0.2543944994,0.14368,Energy
VMC,2007-10-31,127.1,155.572865005,0.224019394219,37.0,3,1,0.91339332632,127.557451639,0.117322426171,0.077602,Materials
VNO,2017-05-01,78.11,72.9050576516,-0.0666360561829,66.0,2,1,0.890977972439,266.604894278,0.160460486741,0.064243,Real Estate
VRSN,2017-04-27,100.98,87.8999085981,-0.129531505268,61.0,3,1,0.914227279124,214.174368211,0.198226433669,0.041459,Information Technology
VRTX,2017-04-28,161.97,107.162091591,-0.338383085812,64.0,5,1,0.845852819714,70.1400615219,0.295093981585,0.186565,Health Care
VTR,2017-04-28,67.9,65.84962203,-0.0301970245953,63.0,4,2,0.909300460427,156.393921545,0.237598166521,0.1138,Real Estate
VZ,2017-04-27,43.98,39.6654470836,-0.098102612923,64.0,2,1,0.887960219092,250.650139215,0.136405983924,0.850929,Telecommunication Services
WAT,2017-05-05,175.11,168.495478931,-0.0377735198952,63.0,5,1,0.923779289326,151.285441927,0.147331295316,0.069343,Health Care
WBA,2017-06-29,80.06,84.8749680136,0.0601419936751,69.0,2,1,0.869025304221,226.592128066,0.148358350762,0.321345,Consumer Staples
WDC,2017-05-08,93.75,89.9681269148,-0.0403399795749,63.0,3,2,0.902156972255,191.556014632,0.27114136847,0.130526,Information Technology
WEC,2017-05-05,62.18,61.6623013013,-0.00832580731301,63.0,3,1,0.96792553899,624.667361598,0.1131582453,0.093467,Utilities
WFC,2017-05-05,55.06,59.266991748,0.0764074055206,64.0,2,1,0.87217659253,215.933737165,0.138561110724,1.164705,Financials
WFM,2017-05-19,41.75,36.9000719814,-0.116165940565,64.0,2,1,0.868307336333,208.693278675,0.209465110254,0.062791,Consumer Staples
WHR,2017-04-25,190.95,157.225970014,-0.176611835483,64.0,2,1,0.835200722417,160.641614587,0.2102871023,0.066564,Consumer Discretionary
WM,2017-04-26,75.64,80.2480572622,0.0609209051064,63.0,3,1,0.965990825943,588.01250343,0.0769320327751,0.142956,Industrials
WMT,2017-06-02,78.52,75.0539464766,-0.0441423016225,64.0,3,1,0.944079232217,355.531324632,0.0617714646847,0.529751,Consumer Staples
WY,2017-04-28,34.12,37.5593563031,0.100801767384,57.0,4,2,0.80861842258,60.1522865928,0.154493412958,0.120024,Real Estate
WYN,2017-04-26,104.42,128.73807188,0.232887108603,42.0,2,1,0.917294054077,228.366096822,0.222930148763,0.050771,Consumer Discretionary
XEL,2017-04-28,46.7,46.9377726224,0.00509149084454,64.0,5,1,0.914847948165,136.370597637,0.150718451924,0.112887,Utilities
XLNX,2017-05-15,64.46,55.3841167772,-0.140798684809,65.0,2,1,0.835911897626,164.017186115,0.157885576641,0.077962,Information Technology
XOM,2017-05-03,80.27,88.5363225276,0.102981469137,64.0,2,0,0.931238323647,427.604014775,0.106385198052,1.616029,Energy
XRAY,2017-05-10,63.05,63.8394756245,0.0125214214832,64.0,5,1,0.902689309834,117.882176917,0.11828676668,0.068862,Health Care
YUM,2017-05-10,74.8,222.732509979,1.97770735266,63.0,6,2,0.952515246741,208.280376839,0.153187474937,0.118193,Consumer Discretionary
