Date,Open,High,Low,Close,Volume,Dividend,Split,Adj_Open,Adj_High,Adj_Low,Adj_Close,Adj_Volume
2017-08-04,35.62,36.3,35.53,35.62,3751280.0,0.0,1.0,35.62,36.3,35.53,35.62,3751280.0
2017-08-03,35.53,35.655,35.15,35.22,4182490.0,0.0,1.0,35.53,35.655,35.15,35.22,4182490.0
2017-08-02,35.19,35.625,35.12,35.62,3555569.0,0.0,1.0,35.19,35.625,35.12,35.62,3555569.0
2017-08-01,35.37,35.4,34.965,35.22,3066255.0,0.0,1.0,35.37,35.4,34.965,35.22,3066255.0
2017-07-31,35.0,35.27,34.835,35.08,3430428.0,0.18,1.0,35.0,35.27,34.835,35.08,3430428.0
2017-07-28,35.04,35.21,34.75,34.94,2786006.0,0.0,1.0,34.8611230856,35.0302552467,34.5726035167,34.7616335791,2786006.0
2017-07-27,35.25,35.51,34.695,35.04,5039644.0,0.0,1.0,35.0700510493,35.3287237663,34.5178842881,34.8611230856,5039644.0
2017-07-26,36.01,36.03,35.0,35.17,4156397.0,0.0,1.0,35.8261712989,35.8460692002,34.821327283,34.9904594441,4156397.0
2017-07-25,36.14,36.32,35.695,35.85,5392474.0,0.0,1.0,35.9555076574,36.1345887691,35.5127793534,35.6669880885,5392474.0
2017-07-24,34.55,35.58,34.5,35.45,4736260.0,0.0,1.0,34.3736245037,35.3983664209,34.3238797504,35.2690300624,4736260.0
2017-07-21,35.19,35.9,34.325,34.48,6953207.0,0.0,1.0,35.0103573454,35.7167328417,34.149773114,34.3039818491,6953207.0
2017-07-20,35.25,35.415,34.82,35.25,4893247.0,0.0,1.0,35.0700510493,35.2342087351,34.6422461713,35.0700510493,4893247.0
2017-07-19,35.78,35.78,34.91,35.27,3632197.0,0.0,1.0,35.5973454339,35.5973454339,34.7317867272,35.0899489507,3632197.0
2017-07-18,35.81,35.8868,35.29,35.59,3338405.0,0.0,1.0,35.6271922859,35.7036002269,35.109846852,35.4083153715,3338405.0
2017-07-17,36.16,36.36,35.88,36.09,2913999.0,0.0,1.0,35.9754055587,36.1743845718,35.6968349404,35.9057629041,2913999.0
2017-07-14,36.22,36.46,35.79,36.24,3606454.0,0.0,1.0,36.0350992626,36.2738740783,35.6072943846,36.0549971639,3606454.0
2017-07-13,36.64,36.93,36.4,36.85,2895562.0,0.0,1.0,36.45295519,36.7414747589,36.2141803744,36.6618831537,2895562.0
2017-07-12,36.6,36.61,36.08,36.52,3105304.0,0.0,1.0,36.4131593874,36.4231083381,35.8958139535,36.3335677822,3105304.0
2017-07-11,37.11,37.21,36.56,36.73,3533896.0,0.0,1.0,36.9205558707,37.0200453772,36.3733635848,36.5424957459,3533896.0
2017-07-10,36.93,37.25,36.71,37.05,4071760.0,0.0,1.0,36.7414747589,37.0598411798,36.5225978446,36.8608621668,4071760.0
2017-07-07,36.73,37.13,36.39,37.07,4086568.0,0.0,1.0,36.5424957459,36.940453772,36.2042314237,36.8807600681,4086568.0
2017-07-06,36.87,37.25,36.53,36.6,4151233.0,0.0,1.0,36.681781055,37.0598411798,36.3435167328,36.4131593874,4151233.0
2017-07-05,36.66,37.055,36.21,36.88,5212889.0,0.0,1.0,36.4728530913,36.8658366421,36.025150312,36.6917300057,5212889.0
2017-07-03,35.89,36.755,35.76,36.54,2328727.0,0.0,1.0,35.7067838911,36.5673681225,35.5774475326,36.3534656835,2328727.0
2017-06-30,35.89,36.01,35.29,35.68,3281208.0,0.0,1.0,35.7067838911,35.8261712989,35.109846852,35.4978559274,3281208.0
2017-06-29,36.18,36.73,35.18,35.65,5573660.0,0.0,1.0,35.99530346,36.5424957459,35.0004083948,35.4680090754,5573660.0
2017-06-28,35.18,35.65,35.1,35.34,5224977.0,0.0,1.0,35.0004083948,35.4680090754,34.9208167896,35.1595916052,5224977.0
2017-06-27,34.92,35.28,34.72,34.84,3571098.0,0.0,1.0,34.7417356778,35.0998979013,34.5427566648,34.6621440726,3571098.0
2017-06-26,34.6,35.0,34.4,34.66,6672345.0,0.0,1.0,34.4233692569,34.821327283,34.2243902439,34.4830629609,6672345.0
2017-06-23,35.14,35.21,34.05,34.49,11276065.0,0.0,1.0,34.9606125922,35.0302552467,33.8761769711,34.3139307998,11276065.0
2017-06-22,35.14,35.2,34.535,34.98,4440867.0,0.0,1.0,34.9606125922,35.0203062961,34.3587010777,34.8014293817,4440867.0
2017-06-21,36.05,36.06,35.15,35.2,3832911.0,0.0,1.0,35.8659671015,35.8759160522,34.9705615428,35.0203062961,3832911.0
2017-06-20,36.29,36.49,35.84,35.94,3048601.0,0.0,1.0,36.1047419172,36.3037209302,35.6570391378,35.7565286444,3048601.0
2017-06-19,36.65,36.99,36.38,36.55,3136725.0,0.0,1.0,36.4629041407,36.8011684628,36.1942824731,36.3634146341,3136725.0
2017-06-16,36.75,36.78,36.29,36.37,5086316.0,0.0,1.0,36.5623936472,36.5922404991,36.1047419172,36.1843335224,5086316.0
2017-06-15,36.33,36.995,36.32,36.71,3167843.0,0.0,1.0,36.1445377198,36.8061429382,36.1345887691,36.5225978446,3167843.0
2017-06-14,36.54,36.605,35.61,36.58,5384254.0,0.0,1.0,36.3534656835,36.4181338627,35.4282132728,36.3932614861,5384254.0
2017-06-13,36.88,37.18,36.71,36.88,3774569.0,0.0,1.0,36.6917300057,36.9901985252,36.5225978446,36.6917300057,3774569.0
2017-06-12,36.35,36.98,36.2,36.61,6392409.0,0.0,1.0,36.1644356211,36.7912195122,36.0152013613,36.4231083381,6392409.0
2017-06-09,35.89,36.7399,35.87,36.34,4731028.0,0.0,1.0,35.7067838911,36.552345207,35.6868859898,36.1544866704,4731028.0
2017-06-08,34.53,36.03,34.39,35.62,5832431.0,0.0,1.0,34.3537266024,35.8460692002,34.2144412933,35.4381622235,5832431.0
2017-06-07,34.05,34.71,33.81,34.52,3642283.0,0.0,1.0,33.8761769711,34.5328077141,33.6374021554,34.3437776517,3642283.0
2017-06-06,33.64,34.08,33.4,33.86,3277145.0,0.0,1.0,33.4682699943,33.906023823,33.2294951787,33.6871469087,3277145.0
2017-06-05,34.18,34.48,33.97,33.98,4939852.0,0.0,1.0,34.0055133296,34.3039818491,33.7965853659,33.8065343165,4939852.0
2017-06-02,34.18,34.4,33.76,34.13,5804109.0,0.0,1.0,34.0055133296,34.2243902439,33.5876574022,33.9557685763,5804109.0
2017-06-01,34.27,34.7,33.97,34.5,4073704.0,0.0,1.0,34.0950538854,34.5228587635,33.7965853659,34.3238797504,4073704.0
2017-05-31,34.34,34.39,33.49,34.1,5854228.0,0.0,1.0,34.16469654,34.2144412933,33.3190357345,33.9259217243,5854228.0
2017-05-30,34.42,34.51,34.12,34.25,6637351.0,0.0,1.0,34.2442881452,34.3338287011,33.9458196256,34.0751559841,6637351.0
2017-05-26,34.51,34.82,34.34,34.64,4866795.0,0.0,1.0,34.3338287011,34.6422461713,34.16469654,34.4631650596,4866795.0
2017-05-25,34.7,34.97,34.45,34.57,3953910.0,0.0,1.0,34.5228587635,34.7914804311,34.2741349972,34.393522405,3953910.0
2017-05-24,35.19,35.19,34.45,34.63,4148418.0,0.0,1.0,35.0103573454,35.0103573454,34.2741349972,34.4532161089,4148418.0
2017-05-23,34.68,35.29,34.41,35.09,4377634.0,0.0,1.0,34.5029608622,35.109846852,34.2343391946,34.9108678389,4377634.0
2017-05-22,34.79,34.96,34.291,34.57,4214528.0,0.0,1.0,34.6123993193,34.7815314804,34.1159466818,34.393522405,4214528.0
2017-05-19,34.69,35.01,34.43,34.57,5270214.0,0.0,1.0,34.5129098128,34.8312762337,34.2542370959,34.393522405,5270214.0
2017-05-18,34.32,35.03,34.32,34.46,6107738.0,0.0,1.0,34.1447986387,34.851174135,34.1447986387,34.2840839478,6107738.0
2017-05-17,35.48,36.07,34.35,34.57,9944750.0,0.0,1.0,35.2988769144,35.8858650028,34.1746454906,34.393522405,9944750.0
2017-05-16,37.09,37.31,36.72,37.08,3486236.0,0.0,1.0,36.9006579694,37.1195348837,36.5325467952,36.8907090187,3486236.0
2017-05-15,36.72,37.08,36.63,37.02,3523345.0,0.0,1.0,36.5325467952,36.8907090187,36.4430062394,36.8310153148,3523345.0
2017-05-12,36.8,36.8,36.0,36.65,3345115.0,0.0,1.0,36.6121384005,36.6121384005,35.8162223483,36.4629041407,3345115.0
2017-05-11,37.04,37.175,36.51,37.0,2632203.0,0.0,1.0,36.8509132161,36.9852240499,36.3236188315,36.8111174135,2632203.0
2017-05-10,37.05,37.25,36.83,37.21,2499718.0,0.0,1.0,36.8608621668,37.0598411798,36.6419852524,37.0200453772,2499718.0
2017-05-09,37.41,37.69,37.02,37.18,2615916.0,0.0,1.0,37.2190243902,37.4975950085,36.8310153148,36.9901985252,2615916.0
2017-05-08,37.02,37.62,37.02,37.36,2760631.0,0.0,1.0,36.8310153148,37.4279523539,36.8310153148,37.169279637,2760631.0
2017-05-05,37.42,37.49,36.83,36.97,3105305.0,0.0,1.0,37.2289733409,37.2986159955,36.6419852524,36.7812705615,3105305.0
2017-05-04,37.68,38.01,37.27,37.34,3838626.0,0.0,1.0,37.4876460579,37.8159614294,37.0797390811,37.1493817357,3838626.0
2017-05-03,36.6,37.3,36.46,37.21,3537323.0,0.0,1.0,36.4131593874,37.1095859331,36.2738740783,37.0200453772,3537323.0
2017-05-02,37.09,37.33,36.53,36.84,3858199.0,0.0,1.0,36.9006579694,37.139432785,36.3435167328,36.6519342031,3858199.0
2017-05-01,36.99,37.48,36.9,37.13,4659405.0,0.14,1.0,36.8011684628,37.2886670448,36.711627907,36.940453772,4659405.0
2017-04-28,36.77,37.25,36.59,36.71,7819539.0,0.0,1.0,36.4448748376,36.9206306146,36.2664664212,36.3854053654,7819539.0
2017-04-27,36.82,36.94,36.25,36.77,7425976.0,0.0,1.0,36.494432731,36.6133716753,35.9294727458,36.4448748376,7425976.0
2017-04-26,36.34,37.1,36.32,36.8,5828281.0,0.0,1.0,36.018676954,36.7719569343,35.9988537966,36.4746095736,5828281.0
2017-04-25,36.48,36.65,36.15,36.45,7075109.0,0.0,1.0,36.1574390556,36.3259358933,35.8303569589,36.1277043195,7075109.0
2017-04-24,36.09,36.57,35.655,35.85,7965255.0,0.0,1.0,35.7708874867,36.2466432638,35.3397338138,35.5330095982,7965255.0
2017-04-21,35.28,35.5,34.525,34.9,7131085.0,0.0,1.0,34.968049613,35.1861043441,34.219725422,34.5914096228,7131085.0
2017-04-20,34.65,35.75,34.65,35.27,5213078.0,0.0,1.0,34.3436201556,35.4338938113,34.3436201556,34.9581380343,5213078.0
2017-04-19,34.04,34.4867,33.89,34.22,7394225.0,0.0,1.0,33.7390138556,34.1817640756,33.5903401753,33.917422272,7394225.0
2017-04-18,33.64,34.09,33.35,33.7,4819030.0,0.0,1.0,33.3425507081,33.788571749,33.0551149261,33.4020201802,4819030.0
2017-04-17,33.28,33.96,33.135,33.92,3349579.0,0.0,1.0,32.9857338753,33.6597212261,32.8420159843,33.6200749113,3349579.0
2017-04-13,33.56,34.14,33.24,33.24,3882518.0,0.0,1.0,33.2632580786,33.8381296425,32.9460875605,32.9460875605,3882518.0
2017-04-12,34.29,34.34,33.5,33.73,4051829.0,0.0,1.0,33.9868033228,34.0363612163,33.2037886064,33.4317549163,4051829.0
2017-04-11,34.12,34.38,33.63,34.38,4157559.0,0.0,1.0,33.8183064851,34.076007531,33.3326391294,34.076007531,4157559.0
2017-04-10,34.62,35.09,34.2,34.38,3944929.0,0.0,1.0,34.3138854195,34.7797296179,33.8975991146,34.076007531,3944929.0
2017-04-07,34.54,34.91,34.3,34.63,3748075.0,0.0,1.0,34.23459279,34.6013212015,33.9967149015,34.3237969982,3748075.0
2017-04-06,34.37,35.04,34.15,34.92,3104308.0,0.0,1.0,34.0660959523,34.7301717244,33.8480412212,34.6112327802,3104308.0
2017-04-05,35.34,35.55,34.37,34.38,4949100.0,0.0,1.0,35.0275190851,35.2356622376,34.0660959523,34.076007531,4949100.0
2017-04-04,34.57,35.15,34.4,34.9,4646104.0,0.0,1.0,34.2643275261,34.83919909,34.0958306884,34.5914096228,4646104.0
2017-04-03,34.64,35.0,34.09,34.82,5149443.0,0.0,1.0,34.3337085769,34.6905254097,33.788571749,34.5121169933,5149443.0
2017-03-31,34.67,35.03,34.41,34.55,5060880.0,0.0,1.0,34.363443313,34.7202601458,34.1057422671,34.2445043687,5060880.0
2017-03-30,34.55,35.25,34.31,34.88,5519289.0,0.0,1.0,34.2445043687,34.9383148769,34.0066264802,34.5715864654,5519289.0
2017-03-29,35.0,35.18,33.86,34.49,11159005.0,0.0,1.0,34.6905254097,34.8689338261,33.5606054392,34.1850348966,11159005.0
2017-03-28,34.08,35.29,34.05,35.03,4379412.0,0.0,1.0,33.7786601704,34.9779611917,33.7489254343,34.7202601458,4379412.0
2017-03-27,33.45,34.31,32.99,34.24,5075264.0,0.0,1.0,33.154230713,34.0066264802,32.6982980933,33.9372454294,5075264.0
2017-03-24,34.79,34.93,34.02,34.51,4923007.0,0.0,1.0,34.4823822572,34.6211443589,33.7191906982,34.204858054,4923007.0
2017-03-23,34.3,35.27,34.06,34.57,4736803.0,0.0,1.0,33.9967149015,34.9581380343,33.758837013,34.2643275261,4736803.0
2017-03-22,34.12,34.9,33.45,34.43,7066744.0,0.0,1.0,33.8183064851,34.5914096228,33.154230713,34.1255654245,7066744.0
2017-03-21,36.52,36.61,34.21,34.36,7594756.0,0.0,1.0,36.1970853703,36.2862895785,33.9075106933,34.0561843736,7594756.0
2017-03-20,36.5,36.65,36.1,36.23,5881912.0,0.0,1.0,36.177262213,36.3259358933,35.7807990654,35.9096495884,5881912.0
2017-03-17,37.05,37.2,36.42,36.62,13510146.0,0.0,1.0,36.7223990408,36.8710727212,36.0979695835,36.2962011572,13510146.0
2017-03-16,37.06,37.31,36.77,37.1,3363746.0,0.0,1.0,36.7323106195,36.9801000867,36.4448748376,36.7719569343,3363746.0
2017-03-15,37.4,37.63,36.65,36.78,5339984.0,0.0,1.0,37.0693042949,37.2972706048,36.3259358933,36.4547864162,5339984.0
2017-03-14,37.2,37.26,36.73,37.19,3378105.0,0.0,1.0,36.8710727212,36.9305421933,36.4052285228,36.8611611425,3378105.0
2017-03-13,37.59,37.87,37.2886,37.37,4176324.0,0.0,1.0,37.25762429,37.5351484933,36.9588893083,37.0395695589,4176324.0
2017-03-10,38.06,38.14,36.97,37.64,4472991.0,0.0,1.0,37.7234684884,37.8027611179,36.6431064113,37.3071821835,4472991.0
2017-03-09,37.99,38.26,37.54,37.73,2948870.0,0.0,1.0,37.6540874376,37.9217000621,37.2080663966,37.3963863916,2948870.0
2017-03-08,38.57,38.64,37.77,37.85,3445588.0,0.0,1.0,38.2289590015,38.2983400523,37.4360327064,37.5153253359,3445588.0
2017-03-07,38.22,38.35,37.76,37.97,2628290.0,0.0,1.0,37.8820537474,38.0109042703,37.4261211277,37.6342642802,2628290.0
2017-03-06,38.07,38.45,37.75,38.27,2722995.0,0.0,1.0,37.7333800671,38.1100200572,37.416209549,37.9316116408,2722995.0
2017-03-03,38.24,38.53,38.13,38.31,4489447.0,0.0,1.0,37.9018769048,38.1893126867,37.7928495392,37.9712579556,4489447.0
2017-03-02,39.68,39.74,38.01,38.05,5930197.0,0.0,1.0,39.3291442359,39.388613708,37.6739105949,37.7135569097,5930197.0
2017-03-01,38.42,39.75,38.34,39.59,7133705.0,0.0,1.0,38.0802853212,39.3985252867,38.0009926916,39.2399400277,7133705.0
2017-02-28,37.0,37.435,36.82,37.37,4450208.0,0.0,1.0,36.6728411474,37.1039948203,36.494432731,37.0395695589,4450208.0
2017-02-27,36.77,37.26,36.66,37.19,4015415.0,0.0,1.0,36.4448748376,36.9305421933,36.335847472,36.8611611425,4015415.0
2017-02-24,36.75,37.16,36.46,36.65,7559256.0,0.0,1.0,36.4250516802,36.8314264064,36.1376158982,36.3259358933,7559256.0
2017-02-23,37.84,37.86,36.77,37.25,5960935.0,0.0,1.0,37.5054137572,37.5252369146,36.4448748376,36.9206306146,5960935.0
2017-02-22,37.81,37.94,37.51,37.67,5248697.0,0.0,1.0,37.4756790212,37.6045295441,37.1783316605,37.3369169195,5248697.0
2017-02-21,38.01,38.23,37.615,38.05,4622419.0,0.0,1.0,37.6739105949,37.8919653261,37.2824032367,37.7135569097,4622419.0
2017-02-17,37.72,37.84,37.45,37.84,5495882.0,0.0,1.0,37.386474813,37.5054137572,37.1188621884,37.5054137572,5495882.0
2017-02-16,38.11,38.395,37.98,38.25,2756895.0,0.0,1.0,37.7730263818,38.0555063744,37.6441758589,37.9117884835,2756895.0
2017-02-15,38.1,38.43,37.76,38.37,3841115.0,0.0,1.0,37.7631148031,38.0901968998,37.4261211277,38.0307274277,3841115.0
2017-02-14,36.92,38.07,36.77,37.98,5148596.0,0.0,1.0,36.5935485179,37.7333800671,36.4448748376,37.6441758589,5148596.0
2017-02-13,36.81,37.2,36.71,36.92,3506175.0,0.0,1.0,36.4845211523,36.8710727212,36.3854053654,36.5935485179,3506175.0
2017-02-10,36.15,36.53,36.09,36.42,3283755.0,0.0,1.0,35.8303569589,36.206996949,35.7708874867,36.0979695835,3283755.0
2017-02-09,35.58,36.275,35.21,36.24,5730961.0,0.0,1.0,35.2653969736,35.9542516925,34.8986685622,35.9195611671,5730961.0
2017-02-08,36.25,36.28,35.24,35.35,8451798.0,0.0,1.0,35.9294727458,35.9592074818,34.9284032982,35.0374306638,8451798.0
2017-02-07,36.6,36.81,36.325,36.59,3815843.0,0.0,1.0,36.2763779999,36.4845211523,36.0038095859,36.2664664212,3815843.0
2017-02-06,36.31,36.92,36.21,36.47,4633578.0,0.0,1.0,35.9889422179,36.5935485179,35.889826431,36.1475274769,4633578.0
2017-02-03,36.81,36.905,36.36,36.79,3873692.0,0.0,1.0,36.4845211523,36.5786811498,36.0385001113,36.4646979949,3873692.0
2017-02-02,36.19,36.22,35.65,36.04,4356559.0,0.0,1.0,35.8700032736,35.8997380097,35.3347780244,35.7213295933,4356559.0
2017-02-01,36.54,37.16,36.385,36.49,4795907.0,0.0,1.0,36.2169085277,36.8314264064,36.063279058,36.1673506343,4795907.0
2017-01-31,36.33,36.87,35.87,36.17,4774894.0,0.14,1.0,36.0087653753,36.5439906244,35.5528327556,35.8501801162,4774894.0
2017-01-30,36.54,36.76,35.9,36.53,4981902.0,0.0,1.0,36.0772674593,36.2944814396,35.4453722438,36.0673940966,4981902.0
2017-01-27,37.43,37.48,36.87,36.99,4278555.0,0.0,1.0,36.9559967434,37.0053635571,36.4030884298,36.5215687827,4278555.0
2017-01-26,37.51,37.95,37.21,37.54,4795764.0,0.0,1.0,37.0349836453,37.4694116059,36.738782763,37.0646037335,4795764.0
2017-01-25,36.76,37.54,36.673,37.52,5714208.0,0.0,1.0,36.2944814396,37.0646037335,36.2085831838,37.044857008,5714208.0
2017-01-24,35.96,36.41,35.875,36.3,6052454.0,0.0,1.0,35.5046124203,35.9489137437,35.420688837,35.8403067535,6052454.0
2017-01-23,35.6,35.97,35.38,35.89,4893724.0,0.0,1.0,35.1491713616,35.514485783,34.9319573812,35.4354988811,4893724.0
2017-01-20,35.56,36.18,35.3,35.82,8164516.0,0.0,1.0,35.1096779106,35.7218264006,34.8529704793,35.3663853419,8164516.0
2017-01-19,34.93,35.425,34.41,34.73,5737292.0,0.0,1.0,34.4876560578,34.9763875136,33.9742411953,34.290188803,5737292.0
2017-01-18,34.36,35.02,33.8,34.99,6386108.0,0.0,1.0,33.9248743816,34.5765163225,33.371966068,34.5468962343,6386108.0
2017-01-17,35.83,35.91,33.97,34.12,8472301.0,0.0,1.0,35.3762587046,35.4552456066,33.5398132346,33.6879136757,8472301.0
2017-01-13,36.2,36.98,35.9,36.29,5200780.0,0.0,1.0,35.7415731261,36.51169542,35.4453722438,35.8304333908,5200780.0
2017-01-12,36.1,36.14,35.165,35.92,3961655.0,0.0,1.0,35.6428394987,35.6823329496,34.7196800823,35.4651189693,3961655.0
2017-01-11,36.17,36.37,35.84,36.27,4273259.0,0.0,1.0,35.7119530379,35.9094202927,35.3861320674,35.8106866653,4273259.0
2017-01-10,35.88,36.37,35.8,36.28,3730357.0,0.0,1.0,35.4256255183,35.9094202927,35.3466386164,35.820560028,3730357.0
2017-01-09,35.63,35.83,35.15,35.68,3035709.0,0.0,1.0,35.1787914498,35.3762587046,34.7048700382,35.2281582635,3035709.0
2017-01-06,35.91,36.08,35.71,35.91,3623516.0,0.0,1.0,35.4552456066,35.6230927732,35.2577783517,35.4552456066,3623516.0
2017-01-05,36.02,36.255,35.225,35.72,3725212.0,0.0,1.0,35.5638525967,35.7958766212,34.7789202587,35.2676517145,3725212.0
2017-01-04,36.03,36.25,35.83,36.17,4354910.0,0.0,1.0,35.5737259595,35.7909399398,35.3762587046,35.7119530379,4354910.0
2017-01-03,36.44,37.08,35.56,35.86,5046074.0,0.0,1.0,35.9785338319,36.6104290474,35.1096779106,35.4058787929,5046074.0
2016-12-30,35.34,35.67,35.15,35.63,3394322.0,0.0,1.0,34.8924639303,35.2182849008,34.7048700382,35.1787914498,3394322.0
2016-12-29,35.95,36.02,35.235,35.28,3783589.0,0.0,1.0,35.4947390575,35.5638525967,34.7887936215,34.8332237538,3783589.0
2016-12-28,36.48,36.5188,35.88,36.0,2837804.0,0.0,1.0,36.0180272829,36.0563359303,35.4256255183,35.5441058712,2837804.0
2016-12-27,36.39,36.56,36.17,36.46,1936175.0,0.0,1.0,35.9291670182,36.0970141848,35.7119530379,35.9982805574,1936175.0
2016-12-23,36.02,36.33,35.91,36.33,1896804.0,0.0,1.0,35.5638525967,35.8699268417,35.4552456066,35.8699268417,1896804.0
2016-12-22,36.02,36.16,35.86,36.0,3788417.0,0.0,1.0,35.5638525967,35.7020796751,35.4058787929,35.5441058712,3788417.0
2016-12-21,36.05,36.1,35.695,36.02,2900265.0,0.0,1.0,35.593472685,35.6428394987,35.2429683076,35.5638525967,2900265.0
2016-12-20,35.72,36.13,35.58,36.08,3430691.0,0.0,1.0,35.2676517145,35.6724595869,35.1294246361,35.6230927732,3430691.0
2016-12-19,35.3,35.42,34.861,35.37,5258323.0,0.0,1.0,34.8529704793,34.9714508322,34.4195298549,34.9220840185,5258323.0
2016-12-16,35.71,36.05,35.12,35.32,13133350.0,0.0,1.0,35.2577783517,35.593472685,34.6752499499,34.8727172048,13133350.0
2016-12-15,35.12,35.81,34.58,35.4,6350220.0,0.0,1.0,34.6752499499,35.3565119791,34.1420883619,34.9517041067,6350220.0
2016-12-14,34.43,35.81,34.16,34.63,7098408.0,0.0,1.0,33.9939879207,35.3565119791,33.7274071267,34.1914551756,7098408.0
2016-12-13,35.15,35.2,34.13,34.8,6048221.0,0.0,1.0,34.7048700382,34.7542368519,33.6977870385,34.3593023422,6048221.0
2016-12-12,35.08,35.69,34.76,35.01,4836054.0,0.0,1.0,34.635756499,35.2380316262,34.3198088912,34.5666429598,4836054.0
2016-12-09,35.54,35.59,34.87,35.51,4745864.0,0.0,1.0,35.0899311851,35.1392979988,34.4284158814,35.0603110969,4745864.0
2016-12-08,35.37,35.75,34.76,35.54,6598605.0,0.0,1.0,34.9220840185,35.2972718027,34.3198088912,35.0899311851,6598605.0
2016-12-07,34.73,35.08,34.125,35.06,6267057.0,0.0,1.0,34.290188803,34.635756499,33.6928503571,34.6160097735,6267057.0
2016-12-06,34.61,34.81,34.22,34.7,4585330.0,0.0,1.0,34.1717084501,34.3691757049,33.7866473032,34.2605687148,4585330.0
2016-12-05,34.55,34.75,33.89,34.15,6612004.0,0.0,1.0,34.1124682737,34.3099355285,33.4608263327,33.717533764,6612004.0
2016-12-02,34.54,34.54,33.81,34.15,5881837.0,0.0,1.0,34.1025949109,34.1025949109,33.3818394307,33.717533764,5881837.0
2016-12-01,33.87,34.91,33.83,34.38,7613635.0,0.0,1.0,33.4410796072,34.4679093324,33.4015861562,33.944621107,7613635.0
2016-11-30,33.05,33.7,33.05,33.51,7345119.0,0.0,1.0,32.6314638624,33.2732324406,32.6314638624,33.0856385485,7345119.0
2016-11-29,31.96,32.585,31.86,32.39,5712861.0,0.0,1.0,31.5552673235,32.1723524948,31.4565336961,31.9798219214,5712861.0
2016-11-28,32.14,32.36,31.69,31.78,5531038.0,0.0,1.0,31.7329878528,31.9502018332,31.2886865294,31.3775467941,5531038.0
2016-11-25,32.39,32.46,32.25,32.46,1506994.0,0.0,1.0,31.9798219214,32.0489354606,31.841594843,32.0489354606,1506994.0
2016-11-23,31.99,32.63,31.82,32.4,5689655.0,0.0,1.0,31.5848874117,32.2167826272,31.4170402451,31.9896952841,5689655.0
2016-11-22,32.17,32.26,31.775,31.92,8293926.0,0.0,1.0,31.7626079411,31.8514682057,31.3726101127,31.5157738725,8293926.0
2016-11-21,32.23,32.23,31.7,31.93,4587275.0,0.0,1.0,31.8218481175,31.8218481175,31.2985598922,31.5256472352,4587275.0
2016-11-18,31.81,32.135,31.65,31.97,8228335.0,0.0,1.0,31.4071668823,31.7280511715,31.2491930785,31.5651406862,8228335.0
2016-11-17,30.73,31.8,30.69,31.73,9743724.0,0.0,1.0,30.3408437062,31.3972935196,30.3013502552,31.3281799804,9743724.0
2016-11-16,30.35,30.79,30.26,30.73,7471522.0,0.0,1.0,29.965655922,30.4000838827,29.8767956573,30.3408437062,7471522.0
2016-11-15,30.5,31.165,30.09,30.94,10089906.0,0.0,1.0,30.1137563631,30.7703349855,29.7089484907,30.5481843238,10089906.0
2016-11-14,30.13,31.01,30.085,30.88,14672007.0,0.0,1.0,29.7484419417,30.617297863,29.7040118093,30.4889441473,14672007.0
2016-11-11,29.42,30.0,29.05,29.85,16252822.0,0.0,1.0,29.047433187,29.620088226,28.6821187655,29.4719877849,16252822.0
2016-11-10,28.66,30.0,28.66,29.6,12026144.0,0.0,1.0,28.2970576186,29.620088226,28.2970576186,29.2251537164,12026144.0
2016-11-09,27.29,28.44,27.2,28.2,12784899.0,0.0,1.0,26.944406923,28.0798436383,26.8555466583,27.8428829325,12784899.0
2016-11-08,26.82,27.155,26.46,26.95,5125092.0,0.0,1.0,26.4803588741,26.8111165259,26.1249178154,26.6087125897,5125092.0
2016-11-07,26.94,27.37,26.94,27.35,5132469.0,0.0,1.0,26.598839227,27.0233938249,26.598839227,27.0036470994,5132469.0
2016-11-04,26.26,26.76,25.975,26.41,3643471.0,0.0,1.0,25.9274505605,26.4211186976,25.6460597224,26.0755510017,3643471.0
2016-11-03,26.26,26.505,26.155,26.27,4931416.0,0.0,1.0,25.9274505605,26.1693479477,25.8237802517,25.9373239233,4931416.0
2016-11-02,26.63,26.66,25.87,26.1,8422611.0,0.0,1.0,26.292764982,26.3223850702,25.5423894136,25.7694767567,8422611.0
2016-11-01,26.52,26.85,26.34,26.84,7868825.0,0.0,1.0,26.1841579918,26.5099789623,26.0064374625,26.5001055996,7868825.0
2016-10-31,26.38,26.54,26.25,26.34,5903355.0,0.12,1.0,26.0459309134,26.2039047173,25.9175771978,26.0064374625,5903355.0
2016-10-28,26.87,26.89,26.21,26.35,7858869.0,0.0,1.0,26.4094094715,26.4290666427,25.7607228228,25.898323021,7858869.0
2016-10-27,27.06,27.21,26.77,26.87,5738041.0,0.0,1.0,26.5961525977,26.7435813815,26.3111236156,26.4094094715,5738041.0
2016-10-26,26.37,26.87,26.34,26.87,4994898.0,0.0,1.0,25.9179801922,26.4094094715,25.8884944354,26.4094094715,4994898.0
2016-10-25,26.4,26.545,26.19,26.46,4255926.0,0.0,1.0,25.9474659489,26.0899804399,25.7410656516,26.0064374625,4255926.0
2016-10-24,26.36,26.49,26.17,26.35,5127085.0,0.0,1.0,25.9081516066,26.0359232192,25.7214084804,25.898323021,5127085.0
2016-10-21,25.68,26.09,25.5,25.97,4308429.0,0.0,1.0,25.2398077867,25.6427797958,25.0628932461,25.5248367687,4308429.0
2016-10-20,25.19,25.74,25.14,25.55,6624095.0,0.0,1.0,24.7582070929,25.2987793002,24.709064165,25.1120361741,6624095.0
2016-10-19,24.93,25.405,24.93,25.3,3578864.0,0.0,1.0,24.5026638677,24.9695216831,24.5026638677,24.8663215344,3578864.0
2016-10-18,24.93,24.95,24.56,24.85,3373867.0,0.0,1.0,24.5026638677,24.5223210389,24.139006201,24.424035183,3373867.0
2016-10-17,24.84,25.0,24.435,24.58,3493837.0,0.0,1.0,24.4142065974,24.5714639668,24.0161488811,24.1586633722,3493837.0
2016-10-14,24.92,25.1,24.61,24.79,3596539.0,0.0,1.0,24.4928352821,24.6697498227,24.1881491289,24.3650636695,3596539.0
2016-10-13,24.94,24.955,24.22,24.52,4792400.0,0.0,1.0,24.5124924533,24.5272353317,23.804834291,24.0996918586,4792400.0
2016-10-12,24.99,25.485,24.95,25.25,4079366.0,0.0,1.0,24.5616353812,25.0481503678,24.5223210389,24.8171786065,4079366.0
2016-10-11,25.54,25.76,24.83,24.96,7271504.0,0.0,1.0,25.1022075885,25.3184364714,24.4043780118,24.5321496245,7271504.0
2016-10-10,25.79,25.909,25.49,25.54,3131214.0,0.0,1.0,25.3479222281,25.4648823966,25.0530646605,25.1022075885,3131214.0
2016-10-07,25.7,25.8,25.22,25.5,4944021.0,0.0,1.0,25.2594649579,25.3577508137,24.7876928497,25.0628932461,4944021.0
2016-10-06,25.59,25.79,25.33,25.69,3921249.0,0.0,1.0,25.1513505164,25.3479222281,24.8958072912,25.2496363723,3921249.0
2016-10-05,25.15,25.68,25.05,25.57,5297839.0,0.0,1.0,24.7188927506,25.2398077867,24.6206068947,25.1316933452,5297839.0
2016-10-04,24.67,25.34,24.64,24.99,5959264.0,0.0,1.0,24.2471206424,24.9056358767,24.2176348857,24.5616353812,5959264.0
2016-10-03,24.57,24.72,24.42,24.6,3174242.0,0.0,1.0,24.1488347866,24.2962635704,24.0014060028,24.1783205433,3174242.0
2016-09-30,24.28,24.82,24.12,24.71,6661489.0,0.0,1.0,23.8638058046,24.3945494262,23.7065484352,24.2864349848,6661489.0
2016-09-29,24.47,24.59,23.84,24.05,5070188.0,0.0,1.0,24.0505489307,24.1684919577,23.4313480387,23.6377483361,5070188.0
2016-09-28,24.31,24.47,23.89,24.41,8700337.0,0.0,1.0,23.8932915613,24.0505489307,23.4804909667,23.9915774172,8700337.0
2016-09-27,23.9,24.33,23.81,24.31,3868548.0,0.0,1.0,23.4903195523,23.9129487325,23.401862282,23.8932915613,3868548.0
2016-09-26,24.19,24.27,23.84,23.96,4708061.0,0.0,1.0,23.7753485343,23.853977219,23.4313480387,23.5492910658,4708061.0
2016-09-23,24.16,24.565,24.11,24.41,4935688.0,0.0,1.0,23.7458627775,24.1439204938,23.6967198496,23.9915774172,4935688.0
2016-09-22,24.39,24.495,24.16,24.24,4438076.0,0.0,1.0,23.971920246,24.0751203947,23.7458627775,23.8244914622,4438076.0
2016-09-21,24.35,24.535,24.08,24.31,3832624.0,0.0,1.0,23.9326059037,24.114434737,23.6672340928,23.8932915613,3832624.0
2016-09-20,24.39,24.45,23.975,24.17,4080291.0,0.0,1.0,23.971920246,24.0308917595,23.5640339442,23.7556913631,4080291.0
2016-09-19,24.27,24.53,24.11,24.19,4027867.0,0.0,1.0,23.853977219,24.1095204442,23.6967198496,23.7753485343,4027867.0
2016-09-16,24.26,24.32,23.94,24.1,8753901.0,0.0,1.0,23.8441486334,23.9031201469,23.5296338946,23.686891264,8753901.0
2016-09-15,24.31,24.62,24.26,24.48,5127004.0,0.0,1.0,23.8932915613,24.1979777145,23.8441486334,24.0603775163,5127004.0
2016-09-14,24.61,24.82,24.35,24.4,4671247.0,0.0,1.0,24.1881491289,24.3945494262,23.9326059037,23.9817488316,4671247.0
2016-09-13,24.72,24.79,24.22,24.62,6656558.0,0.0,1.0,24.2962635704,24.3650636695,23.804834291,24.1979777145,6656558.0
2016-09-12,24.6,25.11,24.33,25.07,6584001.0,0.0,1.0,24.1783205433,24.6795784083,23.9129487325,24.6402640659,6584001.0
2016-09-09,24.73,25.07,24.7,24.81,7103167.0,0.0,1.0,24.306092156,24.6402640659,24.2766063992,24.3847208407,7103167.0
2016-09-08,24.62,24.94,24.505,24.92,4293836.0,0.0,1.0,24.1979777145,24.5124924533,24.0849489803,24.4928352821,4293836.0
2016-09-07,24.24,24.6425,24.15,24.57,3645353.0,0.0,1.0,23.8244914622,24.2200920321,23.7360341919,24.1488347866,3645353.0
2016-09-06,24.67,24.73,24.165,24.3,4998250.0,0.0,1.0,24.2471206424,24.306092156,23.7507770703,23.8834629757,4998250.0
2016-09-02,24.59,24.875,24.41,24.68,4892083.0,0.0,1.0,24.1684919577,24.448606647,23.9915774172,24.256949228,4892083.0
2016-09-01,24.86,24.96,24.295,24.52,4631168.0,0.0,1.0,24.4338637686,24.5321496245,23.8785486829,24.0996918586,4631168.0
2016-08-31,24.75,24.8,24.425,24.77,6701934.0,0.0,1.0,24.3257493271,24.3748922551,24.0063202956,24.3454064983,6701934.0
2016-08-30,24.52,24.81,24.08,24.73,4555296.0,0.0,1.0,24.0996918586,24.3847208407,23.6672340928,24.306092156,4555296.0
2016-08-29,24.2,24.69,24.18,24.46,6644579.0,0.0,1.0,23.7851771199,24.2667778136,23.7655199487,24.0407203451,6644579.0
2016-08-26,23.7,24.16,23.64,24.12,6155047.0,0.0,1.0,23.2937478405,23.7458627775,23.234776327,23.7065484352,6155047.0
2016-08-25,23.47,23.695,23.37,23.64,2293573.0,0.0,1.0,23.067690372,23.2888335477,22.9694045162,23.234776327,2293573.0
2016-08-24,23.58,23.75,23.43,23.49,4032565.0,0.0,1.0,23.1758048135,23.3428907685,23.0283760297,23.0873475432,4032565.0
2016-08-23,23.63,23.7599,23.505,23.53,4698184.0,0.0,1.0,23.2249477414,23.3526210682,23.1020904216,23.1266618856,4698184.0
2016-08-22,23.56,23.62,23.37,23.5,3139056.0,0.0,1.0,23.1561476423,23.2151191558,22.9694045162,23.0971761288,3139056.0
2016-08-19,23.31,23.62,23.2,23.58,2948761.0,0.0,1.0,22.9104330026,23.2151191558,22.8023185612,23.1758048135,2948761.0
2016-08-18,23.46,23.595,23.32,23.39,3797341.0,0.0,1.0,23.0578617864,23.1905476919,22.9202615882,22.9890616873,3797341.0
2016-08-17,23.32,23.54,23.3189,23.44,4241687.0,0.0,1.0,22.9202615882,23.1364904711,22.9191804438,23.0382046153,4241687.0
2016-08-16,23.35,23.665,23.321,23.39,4756536.0,0.0,1.0,22.949747345,23.259347791,22.9212444468,22.9890616873,4756536.0
2016-08-15,23.42,23.68,23.35,23.54,4491218.0,0.0,1.0,23.0185474441,23.2740906694,22.949747345,23.1364904711,4491218.0
2016-08-12,23.22,23.29,22.96,23.27,3080134.0,0.0,1.0,22.8219757324,22.8907758315,22.5664325071,22.8711186603,3080134.0
2016-08-11,23.29,23.52,23.1475,23.4,3690978.0,0.0,1.0,22.8907758315,23.1168333,22.7507184869,22.9988902729,3690978.0
2016-08-10,23.45,23.53,23.16,23.25,3478403.0,0.0,1.0,23.0480332009,23.1266618856,22.7630042188,22.8514614891,3478403.0
2016-08-09,23.38,23.59,23.28,23.49,5153083.0,0.0,1.0,22.9792331018,23.1856333991,22.8809472459,23.0873475432,5153083.0
2016-08-08,23.49,23.69,23.38,23.45,5396536.0,0.0,1.0,23.0873475432,23.2839192549,22.9792331018,23.0480332009,5396536.0
2016-08-05,22.95,23.45,22.86,23.39,7330956.0,0.0,1.0,22.5566039215,23.0480332009,22.4681466512,22.9890616873,7330956.0
2016-08-04,22.45,22.725,22.45,22.61,5901696.0,0.0,1.0,22.0651746422,22.3354607458,22.0651746422,22.2224320116,5901696.0
2016-08-03,22.07,22.48,22.0,22.46,4841279.0,0.0,1.0,21.6916883899,22.0946603989,21.6228882908,22.0750032278,4841279.0
2016-08-02,22.16,22.44,21.92,22.05,5918515.0,0.0,1.0,21.7801456602,22.0553460566,21.5442596061,21.6720312187,5918515.0
2016-08-01,22.25,22.525,22.12,22.2,4848107.0,0.12,1.0,21.8686029305,22.1388890341,21.7408313178,21.8194600025,4848107.0
2016-07-29,22.37,22.7301,22.28,22.33,4011661.0,0.0,1.0,21.8683387212,22.2203632528,21.7803570276,21.8292357462,4011661.0
2016-07-28,22.55,22.73,22.305,22.45,6201336.0,0.0,1.0,22.0443021083,22.2202654954,21.8047963869,21.946544671,6201336.0
2016-07-27,22.47,22.75,22.25,22.58,8847093.0,0.0,1.0,21.9660961584,22.2398169829,21.7510297964,22.0736293395,8847093.0
2016-07-26,21.99,22.56,21.91,22.49,6197893.0,0.0,1.0,21.4968604595,22.054077852,21.4186545096,21.9856476459,6197893.0
2016-07-25,21.74,22.07,21.74,22.03,5910735.0,0.0,1.0,21.2524668663,21.5750664093,21.2524668663,21.5359634344,5910735.0
2016-07-22,21.75,22.0,21.61,21.8,6390709.0,0.0,1.0,21.26224261,21.5066362032,21.1253821978,21.3111213286,6390709.0
2016-07-21,22.26,22.5,21.515,21.68,12969693.0,0.0,1.0,21.7608055401,21.9954233896,21.0325126324,21.1938124039,12969693.0
2016-07-20,21.06,21.53,20.84,21.32,8470988.0,0.0,1.0,20.5877162927,21.0471762479,20.3726499307,20.8418856296,8470988.0
2016-07-19,20.77,21.18,20.77,21.03,5204837.0,0.0,1.0,20.3042197246,20.7050252174,20.3042197246,20.5583890615,5204837.0
2016-07-18,20.94,21.08,20.74,20.98,8284919.0,0.0,1.0,20.470407368,20.6072677802,20.2748924934,20.5095103429,8284919.0
2016-07-15,21.14,21.27,20.95,20.98,5157307.0,0.0,1.0,20.6659222425,20.793006911,20.4801831117,20.5095103429,5157307.0
2016-07-14,21.0,21.36,20.82,20.99,4670563.0,0.0,1.0,20.5290618303,20.8809886046,20.3530984432,20.5192860866,4670563.0
2016-07-13,20.37,20.605,20.21,20.56,3949308.0,0.0,1.0,19.9131899754,20.142919953,19.7567780758,20.0989291063,3949308.0
2016-07-12,20.45,20.69,20.36,20.44,6519902.0,0.0,1.0,19.9913959252,20.2260137747,19.9034142317,19.9816201815,6519902.0
2016-07-11,20.03,20.225,19.94,20.12,4953424.0,0.0,1.0,19.5808146886,19.7714416913,19.4928329951,19.6687963822,4953424.0
2016-07-08,19.79,20.01,19.525,19.85,8867130.0,0.0,1.0,19.3461968391,19.5612632012,19.0871396303,19.4048513015,8867130.0
2016-07-07,18.99,19.44,18.99,19.42,8140393.0,0.0,1.0,18.5641373409,19.0040458086,18.5641373409,18.9844943212,8140393.0
2016-07-06,18.65,19.01,18.58,18.99,7896005.0,0.0,1.0,18.2317620541,18.5836888283,18.163331848,18.5641373409,7896005.0
2016-07-05,19.31,19.34,18.73,18.9,5693220.0,0.0,1.0,18.8769611402,18.9062883714,18.3099680039,18.4761556473,5693220.0
2016-07-01,19.88,19.91,19.38,19.65,5723874.0,0.0,1.0,19.4341785327,19.4635057639,18.9453913463,19.2093364269,5723874.0
2016-06-30,19.77,20.12,19.63,19.98,10744060.0,0.0,1.0,19.3266453517,19.6687963822,19.1897849395,19.53193597,10744060.0
2016-06-29,19.25,19.59,18.86,19.52,8301046.0,0.0,1.0,18.8183066778,19.1506819646,18.4370526724,19.0822517585,8301046.0
2016-06-28,18.91,19.28,18.615,18.97,23334893.0,0.0,1.0,18.485931391,18.847633909,18.197546951,18.5445858534,23334893.0
2016-06-27,19.56,19.56,18.34,18.44,13062459.0,0.0,1.0,19.1213547334,19.1213547334,17.9287139985,18.0264714358,13062459.0
2016-06-24,20.47,20.82,19.95,19.95,21596271.0,0.0,1.0,20.0109474127,20.3530984432,19.5026087388,19.5026087388,21596271.0
2016-06-23,21.75,22.13,21.69,22.12,5342832.0,0.0,1.0,21.26224261,21.6337208717,21.2035881476,21.6239451279,5342832.0
2016-06-22,21.52,21.82,21.34,21.37,4140742.0,0.0,1.0,21.0374005042,21.3306728161,20.8614371171,20.8907643483,4140742.0
2016-06-21,21.33,21.59,21.06,21.55,6220181.0,0.0,1.0,20.8516613734,21.1058307103,20.5877162927,21.0667277354,6220181.0
2016-06-20,21.53,21.82,21.25,21.31,6019362.0,0.0,1.0,21.0471762479,21.3306728161,20.7734554235,20.8321098859,6019362.0
2016-06-17,21.0,21.235,20.92,21.1,9967994.0,0.0,1.0,20.5290618303,20.758791808,20.4508558805,20.6268192676,9967994.0
2016-06-16,21.16,21.19,20.83,20.94,4987969.0,0.0,1.0,20.68547373,20.7148009612,20.3628741869,20.470407368,4987969.0
2016-06-15,21.44,21.84,21.3,21.36,6084902.0,0.0,1.0,20.9591945544,21.3502243035,20.8223341422,20.8809886046,6084902.0
2016-06-14,22.01,22.18,20.94,21.31,8924669.0,0.0,1.0,21.5164119469,21.6825995903,20.470407368,20.8321098859,8924669.0
2016-06-13,22.31,22.72,22.05,22.08,5179736.0,0.0,1.0,21.8096842588,22.2104897517,21.5555149218,21.584842153,5179736.0
2016-06-10,22.55,22.69,22.27,22.46,4677612.0,0.0,1.0,22.0443021083,22.1811625205,21.7705812839,21.9563204147,4677612.0
2016-06-09,23.26,23.26,22.81,22.88,4449397.0,0.0,1.0,22.738379913,22.738379913,22.2984714452,22.3669016513,4449397.0
2016-06-08,23.49,23.69,23.36,23.46,3343393.0,0.0,1.0,22.9632220188,23.1587368934,22.8361373503,22.9338947876,3343393.0
2016-06-07,23.46,23.7,23.32,23.48,3722474.0,0.0,1.0,22.9338947876,23.1685126371,22.7970343754,22.953446275,3722474.0
2016-06-06,23.24,23.67,23.15,23.47,5449887.0,0.0,1.0,22.7188284256,23.1391854059,22.630846732,22.9436705313,5449887.0
2016-06-03,22.83,23.23,22.52,23.14,7799762.0,0.0,1.0,22.3180229327,22.7090526818,22.0149748771,22.6210709883,7799762.0
2016-06-02,23.55,23.88,23.29,23.83,3508196.0,0.0,1.0,23.0218764812,23.3444760242,22.7677071442,23.2955973056,3508196.0
2016-06-01,23.28,23.71,22.96,23.6,3950077.0,0.0,1.0,22.7579314005,23.1782883808,22.4451076012,23.0707551998,3950077.0
2016-05-31,23.76,23.81,23.35,23.55,6726893.0,0.0,1.0,23.2271670995,23.2760458181,22.8263616066,23.0218764812,6726893.0
2016-05-27,23.43,23.62,23.26,23.59,3513535.0,0.0,1.0,22.9045675564,23.0903066873,22.738379913,23.0609794561,3513535.0
2016-05-26,23.68,23.71,23.27,23.35,4663400.0,0.0,1.0,23.1489611496,23.1782883808,22.7481556567,22.8263616066,4663400.0
2016-05-25,23.4,23.855,23.26,23.69,6771547.0,0.0,1.0,22.8752403252,23.3200366649,22.738379913,23.1587368934,6771547.0
2016-05-24,23.12,23.57,23.03,23.25,3165566.0,0.0,1.0,22.6015195008,23.0414279686,22.5135378073,22.7286041693,3165566.0
2016-05-23,22.97,23.11,22.72,22.97,2941438.0,0.0,1.0,22.4548833449,22.5917437571,22.2104897517,22.4548833449,2941438.0
2016-05-20,22.99,23.41,22.86,22.98,3933631.0,0.0,1.0,22.4744348323,22.8850160689,22.3473501639,22.4646590886,3933631.0
2016-05-19,22.94,23.485,22.62,22.9,4818798.0,0.0,1.0,22.4255561137,22.9583341469,22.1127323144,22.3864531388,4818798.0
2016-05-18,21.74,23.14,21.74,23.13,9873205.0,0.0,1.0,21.2524668663,22.6210709883,21.2524668663,22.6112952445,9873205.0
2016-05-17,21.59,22.09,21.46,21.82,4167655.0,0.0,1.0,21.1058307103,21.5946178968,20.9787460418,21.3306728161,4167655.0
2016-05-16,21.42,21.9,21.3,21.71,4284660.0,0.0,1.0,20.9396430669,21.4088787659,20.8223341422,21.2231396351,4284660.0
2016-05-13,22.0,22.22,21.25,21.4,6519596.0,0.0,1.0,21.5066362032,21.7217025652,20.7734554235,20.9200915795,6519596.0
2016-05-12,22.36,22.47,21.6,21.76,5748915.0,0.0,1.0,21.8585629774,21.9660961584,21.115606454,21.2720183537,5748915.0
2016-05-11,22.36,22.63,22.19,22.2,3672646.0,0.0,1.0,21.8585629774,22.1225080581,21.692375334,21.7021510778,3672646.0
2016-05-10,21.94,22.52,21.82,22.36,10159336.0,0.0,1.0,21.4479817408,22.0149748771,21.3306728161,21.8585629774,10159336.0
2016-05-09,22.03,22.22,21.83,21.85,2712382.0,0.0,1.0,21.5359634344,21.7217025652,21.3404485598,21.3600000473,2712382.0
2016-05-06,21.91,22.22,21.77,22.09,3713931.0,0.0,1.0,21.4186545096,21.7217025652,21.2817940974,21.5946178968,3713931.0
2016-05-05,22.0,22.2,21.78,22.11,4871171.0,0.0,1.0,21.5066362032,21.7021510778,21.2915698412,21.6141693842,4871171.0
2016-05-04,22.25,22.34,21.635,21.99,5202137.0,0.0,1.0,21.7510297964,21.83901149,21.1498215571,21.4968604595,5202137.0
2016-05-03,22.68,22.75,22.29,22.51,3869215.0,0.0,1.0,22.1713867768,22.2398169829,21.7901327713,22.0051991334,3869215.0
2016-05-02,22.84,23.09,22.57,23.06,3123289.0,0.12,1.0,22.3277986764,22.5721922696,22.0638535957,22.5428650384,3123289.0
2016-04-29,23.08,23.26,22.71,22.85,5315033.0,0.0,1.0,22.4456136793,22.6206661257,22.0857836507,22.2219355534,5315033.0
2016-04-28,23.4,23.65,23.135,23.24,3265875.0,0.0,1.0,22.7568180285,22.9999464262,22.4991019269,22.6012158539,3265875.0
2016-04-27,23.52,23.83,23.345,23.62,4806546.0,0.0,1.0,22.8735196594,23.1749988726,22.703329781,22.9707710185,4806546.0
2016-04-26,23.48,23.645,23.33,23.55,4066126.0,0.0,1.0,22.8346191157,22.9950838582,22.6887420771,22.9026950671,4066126.0
2016-04-25,23.58,23.63,23.13,23.38,3325856.0,0.0,1.0,22.9318704748,22.9804961544,22.4942393589,22.7373677566,3325856.0
2016-04-22,23.62,23.77,23.48,23.62,5180593.0,0.0,1.0,22.9707710185,23.1166480571,22.8346191157,22.9707710185,5180593.0
2016-04-21,23.74,24.24,23.48,23.53,8222281.0,0.0,1.0,23.0874726494,23.5737294449,22.8346191157,22.8832447953,8222281.0
2016-04-20,23.13,23.43,22.99,23.36,7534540.0,0.0,1.0,22.4942393589,22.7859934362,22.3580874562,22.7179174848,7534540.0
2016-04-19,22.73,23.375,22.73,23.1,8796360.0,0.0,1.0,22.1052339225,22.7325051887,22.1052339225,22.4650639512,8796360.0
2016-04-18,22.4,22.77,22.25,22.72,3604564.0,0.0,1.0,21.7843044375,22.1441344661,21.6384273989,22.0955087866,3604564.0
2016-04-15,22.77,22.88,22.41,22.55,5015196.0,0.0,1.0,22.1441344661,22.2511109612,21.7940295734,21.9301814761,5015196.0
2016-04-14,22.58,23.28,22.45,22.82,5943774.0,0.0,1.0,21.9593568839,22.6401163975,21.832930117,22.1927601457,5943774.0
2016-04-13,21.75,22.74,21.66,22.6,6202632.0,0.0,1.0,21.1521706034,22.1149590584,21.0646443802,21.9788071557,6202632.0
2016-04-12,21.16,21.545,21.14,21.51,4149325.0,0.0,1.0,20.5783875847,20.9528053172,20.5589373129,20.9187673415,4149325.0
2016-04-11,21.03,21.45,21.02,21.04,2854345.0,0.0,1.0,20.4519608179,20.8604165261,20.442235682,20.4616859538,2854345.0
2016-04-08,20.96,21.35,20.78,20.87,5449882.0,0.0,1.0,20.3838848665,20.763165167,20.2088324201,20.2963586433,5449882.0
2016-04-07,21.12,21.25,20.53,20.79,6302281.0,0.0,1.0,20.5394870411,20.6659138079,19.9657040224,20.218557556,6302281.0
2016-04-06,20.74,21.36,20.55,21.34,6861695.0,0.0,1.0,20.1699318765,20.7728903029,19.9851542942,20.7534400311,6861695.0
2016-04-05,21.28,21.345,20.69,20.76,6993184.0,0.0,1.0,20.6950892156,20.758302599,20.121306197,20.1893821483,6993184.0
2016-04-04,21.3,21.65,21.115,21.51,4721722.0,0.0,1.0,20.7145394874,21.0549192443,20.5346244731,20.9187673415,4721722.0
2016-04-01,20.92,21.38,20.63,21.35,4556757.0,0.0,1.0,20.3449843229,20.7923405747,20.0629553815,20.763165167,4556757.0
2016-03-31,21.2,21.21,20.74,20.95,4954843.0,0.0,1.0,20.6172881283,20.6270132643,20.1699318765,20.3741597306,4954843.0
2016-03-30,21.21,21.355,20.98,21.25,6099991.0,0.0,1.0,20.6270132643,20.7680277349,20.4033351383,20.6659138079,6099991.0
2016-03-29,21.23,21.38,20.79,21.2,5997208.0,0.0,1.0,20.6464635361,20.7923405747,20.218557556,20.6172881283,5997208.0
2016-03-28,21.67,21.73,21.27,21.39,3613668.0,0.0,1.0,21.0743695161,21.1327203316,20.6853640797,20.8020657106,3613668.0
2016-03-24,21.44,21.7,21.22,21.59,3906765.0,0.0,1.0,20.8506913902,21.1035449238,20.6367384002,20.9965684288,3906765.0
2016-03-23,21.93,21.965,21.55,21.69,3020086.0,0.0,1.0,21.3272230497,21.3612610254,20.9576678852,21.0938197879,3020086.0
2016-03-22,21.86,22.07,21.56,21.93,3745798.0,0.0,1.0,21.2591470984,21.4633749525,20.9673930211,21.3272230497,3745798.0
2016-03-21,22.11,22.25,21.73,22.0,3721890.0,0.0,1.0,21.5022754961,21.6384273989,21.1327203316,21.3952990011,3721890.0
2016-03-18,21.93,22.24,21.76,22.08,10236635.0,0.0,1.0,21.3272230497,21.6287022629,21.1618957393,21.4731000884,10236635.0
2016-03-17,21.5,21.815,21.13,21.73,7425106.0,0.0,1.0,20.9090422056,21.2153839868,20.549212177,21.1327203316,7425106.0
2016-03-16,22.01,22.55,21.58,21.61,8255765.0,0.0,1.0,21.405024137,21.9301814761,20.9868432929,21.0160187006,8255765.0
2016-03-15,21.82,22.22,21.63,22.19,5750149.0,0.0,1.0,21.2202465547,21.6092519911,21.0354689725,21.5800765834,5750149.0
2016-03-14,21.81,22.16,21.6,22.09,4860811.0,0.0,1.0,21.2105214188,21.5509011757,21.0062935647,21.4828252243,4860811.0
2016-03-11,21.34,21.935,21.29,21.91,5958877.0,0.0,1.0,20.7534400311,21.3320856177,20.7048143515,21.3077727779,5958877.0
2016-03-10,20.88,21.23,20.58,21.01,5182233.0,0.0,1.0,20.3060837792,20.6464635361,20.0143297019,20.4325105461,5182233.0
2016-03-09,21.1,21.23,20.56,20.7,5653364.0,0.0,1.0,20.5200367692,20.6464635361,19.9948794301,20.1310313329,5653364.0
2016-03-08,21.26,21.26,20.53,20.92,9632262.0,0.0,1.0,20.6756389438,20.6756389438,19.9657040224,20.3449843229,9632262.0
2016-03-07,21.7,21.86,21.41,21.53,6164007.0,0.0,1.0,21.1035449238,21.2591470984,20.8215159824,20.9382176134,6164007.0
2016-03-04,21.64,22.23,21.585,21.93,7150182.0,0.0,1.0,21.0451941084,21.618977127,20.9917058609,21.3272230497,7150182.0
2016-03-03,20.85,21.5599,20.82,21.44,8729101.0,0.0,1.0,20.2769083715,20.9672957697,20.2477329638,20.8506913902,8729101.0
2016-03-02,20.24,21.095,20.16,20.96,8907820.0,0.0,1.0,19.683675081,20.5151742013,19.6058739937,20.3838848665,8907820.0
2016-03-01,19.33,20.28,19.315,20.27,7856768.0,0.0,1.0,18.7986877132,19.7225756247,18.7841000094,19.7128504888,7856768.0
2016-02-29,19.66,19.8,19.18,19.23,4247957.0,0.0,1.0,19.1196171983,19.255769101,18.6528106746,18.7014363542,4247957.0
2016-02-26,19.3,20.11,18.99,19.74,11218643.0,0.0,1.0,18.7695123055,19.5572483142,18.4680330923,19.1974182855,11218643.0
2016-02-25,19.02,19.22,18.83,19.18,6750619.0,0.0,1.0,18.4972085001,18.6917112182,18.3124309178,18.6528106746,6750619.0
2016-02-24,19.0,19.16,18.775,19.0,5749510.0,0.0,1.0,18.4777582282,18.6333604028,18.2589426703,18.4777582282,5749510.0
2016-02-23,19.73,19.81,19.095,19.37,6184355.0,0.0,1.0,19.1876931496,19.2654942369,18.5701470194,18.8375882569,6184355.0
2016-02-22,19.57,19.82,19.44,19.8,4766951.0,0.0,1.0,19.0320909751,19.2752193728,18.9056642083,19.255769101,4766951.0
2016-02-19,19.11,19.3,18.885,19.24,4536115.0,0.0,1.0,18.5847347232,18.7695123055,18.3659191653,18.7111614901,4536115.0
2016-02-18,19.67,19.81,18.96,19.11,7980708.0,0.0,1.0,19.1293423342,19.2654942369,18.4388576846,18.5847347232,7980708.0
2016-02-17,19.59,20.25,19.45,19.65,9440450.0,0.0,1.0,19.0515412469,19.6934002169,18.9153893442,19.1098920624,9440450.0
2016-02-16,19.15,19.755,18.9,19.36,8897699.0,0.0,1.0,18.6236352669,19.2120059894,18.3805068691,18.827863121,8897699.0
2016-02-12,18.6,18.99,18.32,18.89,9360754.0,0.0,1.0,18.0887527918,18.4680330923,17.8164489864,18.3707817332,9360754.0
2016-02-11,18.45,18.65,18.04,18.14,8392723.0,0.0,1.0,17.9428757532,18.1373784714,17.5441451809,17.64139654,8392723.0
2016-02-10,19.63,19.76,18.795,18.86,10445868.0,0.0,1.0,19.0904417905,19.2168685574,18.2783929421,18.3416063255,10445868.0
2016-02-09,18.93,19.61,18.89,19.55,10511868.0,0.0,1.0,18.4096822769,19.0709915187,18.3707817332,19.0126407033,10511868.0
2016-02-08,19.52,19.74,18.95,19.2,10227045.0,0.0,1.0,18.9834652955,19.1974182855,18.4291325487,18.6722609464,10227045.0
2016-02-05,20.26,20.62,19.76,19.85,8105887.0,0.0,1.0,19.7031253528,20.0532302456,19.2168685574,19.3043947805,8105887.0
2016-02-04,20.04,20.55,19.89,20.23,9247739.0,0.0,1.0,19.4891723628,19.9851542942,19.3432953242,19.6739499451,9247739.0
2016-02-03,20.27,20.305,19.25,20.05,14336067.0,0.0,1.0,19.7128504888,19.7468884644,18.720886626,19.4988974987,14336067.0
2016-02-02,20.51,20.62,20.08,20.21,12990517.0,0.1,1.0,19.9462537506,20.0532302456,19.5280729065,19.6544996733,12990517.0
2016-02-01,21.11,21.21,20.56,20.78,10618374.0,0.0,1.0,20.4286798672,20.5254523915,19.8964309839,20.1093305372,10618374.0
2016-01-29,21.88,21.95,21.25,21.25,94875312.0,0.0,1.0,21.1738283039,21.2415690708,20.5641614012,20.5641614012,94875312.0
2016-01-28,21.5,21.85,21.14,21.74,21318123.0,0.0,1.0,20.8060927118,21.1447965466,20.4577116245,21.0383467699,21318123.0
2016-01-27,20.98,21.61,20.8,21.21,33935356.0,0.0,1.0,20.3028755857,20.9125424884,20.1286850421,20.5254523915,33935356.0
2016-01-26,19.97,20.57,19.97,20.29,16242092.0,0.0,1.0,19.3254730909,19.9061082363,19.3254730909,19.6351451684,16242092.0
2016-01-25,20.78,20.915,19.73,19.79,12599250.0,0.0,1.0,20.1093305372,20.2399734449,19.0932190327,19.1512825472,12599250.0
2016-01-22,21.65,21.8,19.75,20.78,23182214.0,0.0,1.0,20.9512514981,21.0964102845,19.1125735375,20.1093305372,23182214.0
2016-01-21,21.63,21.84,21.125,21.33,9818577.0,0.0,1.0,20.9318969933,21.1351192942,20.4431957459,20.6415794205,9818577.0
2016-01-20,21.87,21.97,21.0,21.6,11156408.0,0.0,1.0,21.1641510514,21.2609235757,20.3222300906,20.902865236,11156408.0
2016-01-19,22.6,22.705,22.04,22.23,9794335.0,0.0,1.0,21.8705904784,21.9722016289,21.3286643427,21.5125321387,9794335.0
2016-01-15,22.19,22.47,21.7,22.32,12940826.0,0.0,1.0,21.473823129,21.7447861969,20.9996377602,21.5996274105,12940826.0
2016-01-14,23.34,23.38,22.6,22.9,9374018.0,0.0,1.0,22.5867071578,22.6254161675,21.8705904784,22.1609080511,9374018.0
2016-01-13,24.08,24.15,22.955,23.22,8078080.0,0.0,1.0,23.3028238372,23.3705646041,22.2141329395,22.4705801287,8078080.0
2016-01-12,24.1,24.15,23.59,23.9,7081660.0,0.0,1.0,23.322178342,23.3705646041,22.8286384684,23.1286332935,7081660.0
2016-01-11,24.18,24.24,23.67,23.9,6981390.0,0.0,1.0,23.3995963614,23.457659876,22.9060564878,23.1286332935,6981390.0
2016-01-08,24.81,24.88,23.66,23.82,10583671.0,0.0,1.0,24.0092632641,24.0770040311,22.8963792354,23.0512152741,10583671.0
2016-01-07,24.79,24.915,24.3,24.59,4976747.0,0.0,1.0,23.9899087593,24.1108744146,23.5157233905,23.7963637108,4976747.0
2016-01-06,25.3,25.53,25.15,25.28,5418826.0,0.0,1.0,24.4834486329,24.7060254387,24.3382898465,24.4640941281,5418826.0
2016-01-05,25.77,25.95,25.52,25.68,6389320.0,0.0,1.0,24.9382794968,25.1124700405,24.6963481862,24.851184225,6389320.0
2016-01-04,25.71,25.99,25.455,25.8,5598680.0,0.0,1.0,24.8802159823,25.1511790502,24.6334460455,24.9673112541,5598680.0
2015-12-31,26.22,26.49,26.14,26.19,2307032.0,0.0,1.0,25.3737558559,25.6350416714,25.2963378365,25.3447240986,2307032.0
2015-12-30,26.49,26.66,26.26,26.3,2062938.0,0.0,1.0,25.6350416714,25.7995549626,25.4124648656,25.4511738753,2062938.0
2015-12-29,26.54,26.805,26.49,26.62,2872003.0,0.0,1.0,25.6834279335,25.9398751227,25.6350416714,25.7608459529,2872003.0
2015-12-28,26.44,26.47,26.08,26.41,2238780.0,0.0,1.0,25.5866554093,25.6156871665,25.238274322,25.557623652,2238780.0
2015-12-24,26.45,26.68,26.37,26.6,1072633.0,0.0,1.0,25.5963326617,25.8189094674,25.5189146423,25.741491448,1072633.0
2015-12-23,26.35,26.54,26.17,26.52,3890878.0,0.0,1.0,25.4995601374,25.6834279335,25.3253695938,25.6640734286,3890878.0
2015-12-22,26.16,26.46,25.7,26.25,5388913.0,0.0,1.0,25.3156923414,25.6060099141,24.8705387299,25.4027876132,5388913.0
2015-12-21,26.14,26.34,25.731,26.03,4147933.0,0.0,1.0,25.2963378365,25.489882885,24.9005382124,25.1898880599,4147933.0
2015-12-18,26.39,26.45,25.84,25.9,10141610.0,0.0,1.0,25.5382691471,25.5963326617,25.0060202638,25.0640837784,10141610.0
2015-12-17,26.91,27.08,26.425,26.48,5395134.0,0.0,1.0,26.0414862732,26.2059995644,25.5721395306,25.6253644189,5395134.0
2015-12-16,26.75,27.02,25.93,26.91,9246998.0,0.0,1.0,25.8866502344,26.1479360498,25.0931155356,26.0414862732,9246998.0
2015-12-15,26.18,26.7,26.04,26.54,5446091.0,0.0,1.0,25.3350468462,25.8382639723,25.1995653123,25.6834279335,5446091.0
2015-12-14,25.74,25.96,25.4,25.72,5119076.0,0.0,1.0,24.9092477396,25.1221472929,24.5802211571,24.8898932347,5119076.0
2015-12-11,25.96,26.17,25.37,25.61,6501257.0,0.0,1.0,25.1221472929,25.3253695938,24.5511893999,24.7834434581,6501257.0
2015-12-10,26.1,26.57,26.04,26.3,3559700.0,0.0,1.0,25.2576288268,25.7124596908,25.1995653123,25.4511738753,3559700.0
2015-12-09,26.33,26.74,25.79,26.1,6760607.0,0.0,1.0,25.4802056326,25.876972982,24.9576340017,25.2576288268,6760607.0
2015-12-08,26.25,26.55,26.09,26.41,4656418.0,0.0,1.0,25.4027876132,25.6931051859,25.2479515744,25.557623652,4656418.0
2015-12-07,27.1,27.17,26.365,26.51,5337872.0,0.0,1.0,26.2253540692,26.2930948362,25.5140760161,25.6543961762,5337872.0
2015-12-04,26.69,27.14,26.46,27.12,5481809.0,0.0,1.0,25.8285867199,26.2640630789,25.6060099141,26.2447085741,5481809.0
2015-12-03,26.83,26.84,26.38,26.47,10031704.0,0.0,1.0,25.9640682538,25.9737455062,25.5285918947,25.6156871665,10031704.0
2015-12-02,26.75,26.86,26.46,26.64,10319973.0,0.0,1.0,25.8866502344,25.9931000111,25.6060099141,25.7802004577,10319973.0
2015-12-01,26.81,26.87,26.28,26.5,6002952.0,0.0,1.0,25.9447137489,26.0027772635,25.4318193705,25.6447189238,6002952.0
2015-11-30,26.43,26.65,26.255,26.63,9725405.0,0.0,1.0,25.5769781568,25.7898777102,25.4076262394,25.7705232053,9725405.0
2015-11-27,26.23,26.5,26.145,26.39,2250585.0,0.0,1.0,25.3834331083,25.6447189238,25.3011764627,25.5382691471,2250585.0
2015-11-25,26.13,26.28,25.937,26.26,4382771.0,0.0,1.0,25.2866605841,25.4318193705,25.0998896123,25.4124648656,4382771.0
2015-11-24,25.64,26.15,25.51,26.13,4961056.0,0.0,1.0,24.8124752153,25.306015089,24.6866709338,25.2866605841,4961056.0
2015-11-23,25.97,26.18,25.67,25.74,4369367.0,0.0,1.0,25.1318245453,25.3350468462,24.8415069726,24.9092477396,4369367.0
2015-11-20,26.31,26.31,25.87,26.02,3096774.0,0.0,1.0,25.4608511277,25.4608511277,25.0350520211,25.1802108074,3096774.0
2015-11-19,26.1,26.24,25.9,26.12,3415426.0,0.0,1.0,25.2576288268,25.3931103608,25.0640837784,25.2769833317,3415426.0
2015-11-18,25.73,26.22,25.61,26.2,5740149.0,0.0,1.0,24.8995704871,25.3737558559,24.7834434581,25.3544013511,5740149.0
2015-11-17,25.72,25.91,25.52,25.6,4455494.0,0.0,1.0,24.8898932347,25.0737610308,24.6963481862,24.7737662056,4455494.0
2015-11-16,25.6,25.72,25.27,25.68,6910850.0,0.0,1.0,24.7737662056,24.8898932347,24.4544168756,24.851184225,6910850.0
2015-11-13,25.49,25.6,25.22,25.53,9834203.0,0.0,1.0,24.667316429,24.7737662056,24.4060306135,24.7060254387,9834203.0
2015-11-12,25.75,25.95,25.49,25.51,8336209.0,0.0,1.0,24.918924992,25.1124700405,24.667316429,24.6866709338,8336209.0
2015-11-11,26.0,26.13,25.89,26.09,6577571.0,0.0,1.0,25.1608563026,25.2866605841,25.0544065259,25.2479515744,6577571.0
2015-11-10,25.87,26.09,25.77,26.0,14272576.0,0.0,1.0,25.0350520211,25.2479515744,24.9382794968,25.1608563026,14272576.0
2015-11-09,25.73,26.05,25.48,25.87,10013793.0,0.0,1.0,24.8995704871,25.2092425647,24.6576391765,25.0350520211,10013793.0
2015-11-06,25.47,25.97,25.12,25.73,16332334.0,0.0,1.0,24.6479619241,25.1318245453,24.3092580893,24.8995704871,16332334.0
2015-11-05,24.47,24.93,24.44,24.61,10044551.0,0.0,1.0,23.6802366817,24.1253902932,23.6512049244,23.8157182156,10044551.0
2015-11-04,24.55,24.74,24.2,24.53,11117454.0,0.0,1.0,23.7576547011,23.9415224972,23.4189508663,23.7383001963,11117454.0
2015-11-03,24.46,24.62,24.14,24.42,6333828.0,0.1,1.0,23.6705594293,23.8253954681,23.3608873517,23.6318504196,6333828.0
2015-11-02,24.58,24.7,24.12,24.45,14762883.0,0.0,1.0,23.6896771335,23.8053305613,23.2463389935,23.56438592,14762883.0
2015-10-30,23.75,24.39,23.73,24.3,50057616.0,0.0,1.0,22.8897409244,23.5065592061,22.8704653531,23.4198191352,50057616.0
2015-10-29,24.18,24.43,24.01,24.11,4363424.0,0.0,1.0,23.3041657074,23.5451103487,23.1403233513,23.2367012078,4363424.0
2015-10-28,23.52,24.44,23.52,24.18,5537429.0,0.0,1.0,22.6680718544,23.5547481344,22.6680718544,23.3041657074,5537429.0
2015-10-27,23.42,23.8,23.27,23.53,4038042.0,0.0,1.0,22.5716939978,22.9379298526,22.427127213,22.67770964,4038042.0
2015-10-26,24.25,24.49,23.56,23.6,4690049.0,0.0,1.0,23.371630207,23.6029370626,22.706622997,22.7451741396,4690049.0
2015-10-23,23.55,24.3,23.21,24.22,9488362.0,0.0,1.0,22.6969852113,23.4198191352,22.3693004991,23.34271685,9488362.0
2015-10-22,23.26,23.62,22.87,22.87,9977712.0,0.0,1.0,22.4174894274,22.7644497109,22.0416157869,22.0416157869,9977712.0
2015-10-21,23.48,23.865,23.17,23.17,3922984.0,0.0,1.0,22.6295207117,23.0005754594,22.3307493565,22.3307493565,3922984.0
2015-10-20,23.23,23.6,23.16,23.39,4082217.0,0.0,1.0,22.3885760704,22.7451741396,22.3211115709,22.5427806409,4082217.0
2015-10-19,23.2,23.49,23.03,23.23,3846652.0,0.0,1.0,22.3596627135,22.6391584974,22.1958203574,22.3885760704,3846652.0
2015-10-16,23.62,23.78,23.22,23.22,4212344.0,0.0,1.0,22.7644497109,22.9186542813,22.3789382848,22.3789382848,4212344.0
2015-10-15,23.04,23.59,22.94,23.52,3083891.0,0.0,1.0,22.205458143,22.7355363539,22.1090802865,22.6680718544,3083891.0
2015-10-14,23.35,23.49,22.79,22.91,2973536.0,0.0,1.0,22.5042294983,22.6391584974,21.9645135017,22.0801669296,2973536.0
2015-10-13,23.5,23.62,23.38,23.46,2278114.0,0.0,1.0,22.648796283,22.7644497109,22.5331428552,22.6102451404,2278114.0
2015-10-12,23.46,23.69,23.39,23.56,1949132.0,0.0,1.0,22.6102451404,22.8319142104,22.5427806409,22.706622997,1949132.0
2015-10-09,23.49,23.82,23.36,23.46,3645113.0,0.0,1.0,22.6391584974,22.9572054239,22.5138672839,22.6102451404,3645113.0
2015-10-08,23.43,23.64,23.24,23.52,4248742.0,0.0,1.0,22.5813317835,22.7837252822,22.3982138561,22.6680718544,4248742.0
2015-10-07,23.52,23.565,23.18,23.44,4528843.0,0.0,1.0,22.6680718544,22.7114418898,22.3403871422,22.5909695691,4528843.0
2015-10-06,23.66,23.83,23.3,23.36,3616485.0,0.0,1.0,22.8030008535,22.9668432096,22.45604057,22.5138672839,3616485.0
2015-10-05,23.64,23.83,23.32,23.72,6639618.0,0.0,1.0,22.7837252822,22.9668432096,22.4753161413,22.8608275674,6639618.0
2015-10-02,22.99,23.48,22.48,23.41,7919401.0,0.0,1.0,22.1572692148,22.6295207117,21.6657421465,22.5620562122,7919401.0
2015-10-01,23.75,24.02,23.37,23.5,3214144.0,0.0,1.0,22.8897409244,23.149961137,22.5235050696,22.648796283,3214144.0
2015-09-30,23.66,25.23,23.39,23.86,5606812.0,0.0,1.0,22.8030008535,24.3161332009,22.5427806409,22.9957565665,5606812.0
2015-09-29,22.76,23.44,22.565,23.22,5979255.0,0.0,1.0,21.9356001448,22.5909695691,21.7476633246,22.3789382848,5979255.0
2015-09-28,23.4,23.56,22.6,22.63,5359736.0,0.0,1.0,22.5524184265,22.706622997,21.7813955743,21.8103089313,5359736.0
2015-09-25,23.63,23.82,23.48,23.61,4083193.0,0.0,1.0,22.7740874965,22.9572054239,22.6295207117,22.7548119252,4083193.0
2015-09-24,23.06,23.32,23.0,23.24,3495066.0,0.0,1.0,22.2247337143,22.4753161413,22.1669070004,22.3982138561,3495066.0
2015-09-23,23.75,23.79,23.275,23.34,3662143.0,0.0,1.0,22.8897409244,22.928292067,22.4319461059,22.4945917126,3662143.0
2015-09-22,23.5,23.67,23.42,23.6,2220046.0,0.0,1.0,22.648796283,22.8126386391,22.5716939978,22.7451741396,2220046.0
2015-09-21,23.95,24.14,23.72,23.9,3422641.0,0.0,1.0,23.0824966374,23.2656145648,22.8608275674,23.0343077091,3422641.0
2015-09-18,23.69,23.99,23.22,23.75,11030892.0,0.0,1.0,22.8319142104,23.12104778,22.3789382848,22.8897409244,11030892.0
2015-09-17,24.84,24.96,23.68,24.04,5433093.0,0.0,1.0,23.9402595605,24.0559129883,22.8222764248,23.1692367083,5433093.0
2015-09-16,24.93,25.06,24.635,24.88,3541780.0,0.0,1.0,24.0269996313,24.1522908448,23.7426849546,23.9788107031,3541780.0
2015-09-15,24.45,25.14,24.422,25.03,2882159.0,0.0,1.0,23.56438592,24.22939313,23.5374001202,24.1233774879,2882159.0
2015-09-14,24.28,24.67,24.25,24.41,2459336.0,0.0,1.0,23.4005435639,23.7764172044,23.371630207,23.5258347774,2459336.0
2015-09-11,24.3,24.54,24.06,24.32,3544773.0,0.0,1.0,23.4198191352,23.6511259909,23.1885122796,23.4390947065,3544773.0
2015-09-10,24.3,24.6358,24.22,24.44,2010768.0,0.0,1.0,23.4198191352,23.7434559774,23.34271685,23.5547481344,2010768.0
2015-09-09,24.78,24.99,24.365,24.4,3949782.0,0.0,1.0,23.8824328465,24.0848263452,23.482464742,23.5161969918,3949782.0
2015-09-08,24.6,24.63,24.215,24.63,3484881.0,0.0,1.0,23.7089527048,23.7378660618,23.3378979572,23.7378660618,3484881.0
2015-09-04,24.24,24.43,23.96,24.09,2295028.0,0.0,1.0,23.3619924213,23.5451103487,23.0921344231,23.2174256365,2295028.0
2015-09-03,24.3,24.79,24.21,24.5,3093782.0,0.0,1.0,23.4198191352,23.8920706322,23.3330790644,23.6125748483,3093782.0
2015-09-02,24.07,24.33,23.44,24.13,5658439.0,0.0,1.0,23.1981500652,23.4487324922,22.5909695691,23.2559767791,5658439.0
2015-09-01,24.475,24.59,23.52,23.69,5046606.0,0.0,1.0,23.5884803842,23.6993149192,22.6680718544,22.8319142104,5046606.0
2015-08-31,24.68,24.94,24.5,24.82,3553069.0,0.0,1.0,23.78605499,24.036637417,23.6125748483,23.9209839892,3553069.0
2015-08-28,24.59,24.885,24.37,24.69,3097233.0,0.0,1.0,23.6993149192,23.9836295959,23.4872836348,23.7956927757,3097233.0
2015-08-27,24.62,24.99,24.37,24.48,5251744.0,0.0,1.0,23.7282282761,24.0848263452,23.4872836348,23.593299277,5251744.0
2015-08-26,24.0,24.45,23.45,24.19,6358491.0,0.0,1.0,23.1306855657,23.56438592,22.6006073548,23.3138034931,6358491.0
2015-08-25,23.8,24.08,23.07,23.1,5607825.0,0.0,1.0,22.9379298526,23.2077878509,22.2343715,22.263284857,5607825.0
2015-08-24,23.58,24.1,21.14,23.03,8454578.0,0.0,1.0,22.7258985683,23.2270634222,20.3742788691,22.1958203574,8454578.0
2015-08-21,25.02,25.11,24.57,24.57,4203142.0,0.0,1.0,24.1137397022,24.2004797731,23.6800393478,23.6800393478,4203142.0
2015-08-20,26.05,26.29,25.33,25.33,3193836.0,0.0,1.0,25.1064316244,25.3377384801,24.4125110574,24.4125110574,3193836.0
2015-08-19,26.43,26.57,26.23,26.26,4322968.0,0.0,1.0,25.4726674792,25.6075964783,25.2799117661,25.3088251231,4322968.0
2015-08-18,26.29,26.58,26.19,26.56,2415248.0,0.0,1.0,25.3377384801,25.617234264,25.2413606235,25.5979586927,2415248.0
2015-08-17,26.31,26.48,26.08,26.28,1746154.0,0.0,1.0,25.3570140514,25.5208564075,25.1353449814,25.3281006944,1746154.0
2015-08-14,26.26,26.42,26.13,26.38,1998548.0,0.0,1.0,25.3088251231,25.4630296935,25.1835339096,25.4244785509,1998548.0
2015-08-13,26.0,26.3,25.975,26.2,4317352.0,0.0,1.0,25.0582426961,25.3473762657,25.034148232,25.2509984092,4317352.0
2015-08-12,26.78,26.79,25.74,26.03,6983480.0,0.0,1.0,25.809989977,25.8196277627,24.8076602692,25.0871560531,6983480.0
2015-08-11,27.0,27.19,26.7,26.84,4909284.0,0.0,1.0,26.0220212614,26.2051391888,25.7328876918,25.8678166909,4909284.0
2015-08-10,27.01,27.26,26.9,27.19,4443212.0,0.0,1.0,26.031659047,26.2726036883,25.9256434048,26.2051391888,4443212.0
2015-08-07,26.53,26.82,26.31,26.7,8973706.0,0.0,1.0,25.5690453357,25.8485411196,25.3570140514,25.7328876918,8973706.0
2015-08-06,26.77,26.84,26.43,26.65,4042123.0,0.0,1.0,25.8003521914,25.8678166909,25.4726674792,25.6846987635,4042123.0
2015-08-05,26.49,26.84,26.41,26.66,6478775.0,0.0,1.0,25.5304941931,25.8678166909,25.4533919079,25.6943365492,6478775.0
2015-08-04,26.05,26.44,25.9,26.27,5120699.0,0.0,1.0,25.1064316244,25.4823052648,24.9618648396,25.3184629088,5120699.0
2015-08-03,26.18,26.5,26.0,26.03,6981511.0,0.0,1.0,25.2317228379,25.5401319788,25.0582426961,25.0871560531,6981511.0
2015-07-31,26.56,26.6,25.98,26.07,9396444.0,0.0,1.0,25.5979586927,25.6365098353,25.0389671248,25.1257071957,9396444.0
2015-07-30,26.03,26.6299,25.6,26.49,17805568.0,0.1,1.0,25.0871560531,25.6653268144,24.67273127,25.5304941931,17805568.0
2015-07-29,26.1,26.33,26.0,26.0,59753880.0,0.0,1.0,25.0600187454,25.2808541596,24.9640033479,24.9640033479,59753880.0
2015-07-28,25.8,26.36,25.74,26.17,5610298.0,0.0,1.0,24.7719725529,25.3096587789,24.7143633144,25.1272295236,5610298.0
2015-07-27,26.02,26.13,25.68,25.94,2544280.0,0.0,1.0,24.9832064274,25.0888233646,24.6567540759,24.9063941094,2544280.0
2015-07-24,26.48,26.65,26.12,26.15,1993934.0,0.0,1.0,25.4248772559,25.5881034316,25.0792218249,25.1080264441,1993934.0
2015-07-23,27.06,27.3,26.37,26.45,3075041.0,0.0,1.0,25.9817665613,26.2122035153,25.3192603186,25.3960726366,3075041.0
2015-07-22,26.69,27.255,26.614,27.04,3829144.0,0.0,1.0,25.6265095906,26.1689965864,25.5535378885,25.9625634818,3829144.0
2015-07-21,26.53,27.58,25.48,26.72,10366904.0,0.0,1.0,25.4728849546,26.4810466283,24.4647232809,25.6553142098,10366904.0
2015-07-20,27.93,28.17,27.87,27.96,4131653.0,0.0,1.0,26.8171005195,27.0475374735,26.759491281,26.8459051387,4131653.0
2015-07-17,28.08,28.1825,27.84,27.91,3126686.0,0.0,1.0,26.9611236157,27.0595393982,26.7306866618,26.79789744,3126686.0
2015-07-16,27.89,28.15,27.71,28.11,2239731.0,0.0,1.0,26.7786943605,27.028334394,26.605866645,26.989928235,2239731.0
2015-07-15,27.75,28.0,27.62,27.8,2356049.0,0.0,1.0,26.644272804,26.8843112977,26.5194527873,26.6922805028,2356049.0
2015-07-14,27.3,27.58,27.23,27.55,3363214.0,0.0,1.0,26.2122035153,26.4810466283,26.1449927371,26.452242009,3363214.0
2015-07-13,27.5,27.7,27.19,27.25,2075152.0,0.0,1.0,26.4042343103,26.5962651053,26.1065865781,26.1641958165,2075152.0
2015-07-10,27.25,27.35,27.05,27.3,1767485.0,0.0,1.0,26.1641958165,26.260211214,25.9721650216,26.2122035153,1767485.0
2015-07-09,26.91,27.03,26.8,26.98,2196341.0,0.0,1.0,25.8377434651,25.9529619421,25.7321265278,25.9049542433,2196341.0
2015-07-08,26.58,26.71,26.46,26.64,3601944.0,0.0,1.0,25.5208926534,25.6457126701,25.4056741764,25.5785018918,3601944.0
2015-07-07,27.01,27.04,26.44,26.74,3582608.0,0.0,1.0,25.9337588626,25.9625634818,25.3864710969,25.6745172893,3582608.0
2015-07-06,26.93,27.04,26.67,27.01,3391988.0,0.0,1.0,25.8569465446,25.9625634818,25.6073065111,25.9337588626,3391988.0
2015-07-02,27.43,27.47,26.92,27.15,2158019.0,0.0,1.0,26.337023532,26.375429691,25.8473450048,26.0681804191,2158019.0
2015-07-01,27.53,27.74,27.34,27.44,2838202.0,0.0,1.0,26.4330389295,26.6346712643,26.2506096743,26.3466250718,2838202.0
2015-06-30,27.21,27.87,26.985,27.31,5545328.0,0.0,1.0,26.1257896576,26.759491281,25.9097550132,26.221805055,5545328.0
2015-06-29,27.21,27.39,26.8,26.93,3022453.0,0.0,1.0,26.1257896576,26.298617373,25.7321265278,25.8569465446,3022453.0
2015-06-26,27.37,27.615,27.26,27.54,9588333.0,0.0,1.0,26.2794142935,26.5146520174,26.1737973563,26.4426404693,9588333.0
2015-06-25,27.95,28.04,27.28,27.38,5014804.0,0.0,1.0,26.836303599,26.9227174567,26.1930004358,26.2890158333,5014804.0
2015-06-24,28.1,28.32,27.985,28.05,2675558.0,0.0,1.0,26.9803266952,27.1915605697,26.8699089881,26.9323189965,2675558.0
2015-06-23,28.38,28.53,28.06,28.19,5113357.0,0.0,1.0,27.2491698082,27.3931929044,26.9419205362,27.066740553,5113357.0
2015-06-22,28.39,28.54,28.17,28.27,3695464.0,0.0,1.0,27.258771348,27.4027944442,27.0475374735,27.143552871,3695464.0
2015-06-19,28.12,28.46,28.02,28.19,29234651.0,0.0,1.0,26.9995297747,27.3259821262,26.9035143772,27.066740553,29234651.0
2015-06-18,28.0,28.12,27.6,28.07,6168345.0,0.0,1.0,26.8843112977,26.9995297747,26.5002497078,26.951522076,6168345.0
2015-06-17,28.33,28.41,27.84,27.91,6830814.0,0.0,1.0,27.2011621095,27.2779744275,26.7306866618,26.79789744,6830814.0
2015-06-16,27.85,28.29,27.73,28.25,5020125.0,0.0,1.0,26.7402882015,27.1627559505,26.6250697245,27.1243497915,5020125.0
2015-06-15,27.37,27.99,27.36,27.91,6175987.0,0.0,1.0,26.2794142935,26.874709758,26.2698127538,26.79789744,6175987.0
2015-06-12,27.5,27.64,27.33,27.54,8410215.0,0.0,1.0,26.4042343103,26.5386558668,26.2410081345,26.4426404693,8410215.0
2015-06-11,28.09,28.17,27.46,27.52,10332566.0,0.0,1.0,26.9707251555,27.0475374735,26.3658281513,26.4234373898,10332566.0
2015-06-10,28.2,28.31,27.83,28.0,7645820.0,0.0,1.0,27.0763420927,27.18195903,26.721085122,26.8843112977,7645820.0
2015-06-09,28.01,28.09,27.3,28.08,8313385.0,0.0,1.0,26.8939128375,26.9707251555,26.2122035153,26.9611236157,8313385.0
2015-06-08,28.39,28.71,28.0,28.04,11997263.0,0.0,1.0,27.258771348,27.5660206199,26.8843112977,26.9227174567,11997263.0
2015-06-05,27.79,28.35,27.3,28.32,7049847.0,0.0,1.0,26.682678963,27.220365189,26.2122035153,27.1915605697,7049847.0
2015-06-04,27.53,27.87,27.53,27.75,6119249.0,0.0,1.0,26.4330389295,26.759491281,26.4330389295,26.644272804,6119249.0
2015-06-03,27.29,27.67,27.24,27.62,6359355.0,0.0,1.0,26.2026019755,26.567460486,26.1545942768,26.5194527873,6359355.0
2015-06-02,27.0,27.34,26.95,27.19,3798469.0,0.0,1.0,25.9241573228,26.2506096743,25.8761496241,26.1065865781,3798469.0
2015-06-01,26.91,27.025,26.72,26.95,4060531.0,0.0,1.0,25.8377434651,25.9481611722,25.6553142098,25.8761496241,4060531.0
2015-05-29,26.89,26.95,26.565,26.84,11662129.0,0.0,1.0,25.8185403856,25.8761496241,25.5064903437,25.7705326868,11662129.0
2015-05-28,26.77,26.92,26.58,26.83,3074931.0,0.0,1.0,25.7033219086,25.8473450048,25.5208926534,25.7609311471,3074931.0
2015-05-27,26.765,26.92,26.59,26.77,4423323.0,0.0,1.0,25.6985211387,25.8473450048,25.5304941931,25.7033219086,4423323.0
2015-05-26,26.87,26.99,26.66,26.7,5931036.0,0.0,1.0,25.7993373061,25.9145557831,25.5977049713,25.6361111303,5931036.0
2015-05-22,26.83,26.99,26.7,26.92,3185352.0,0.0,1.0,25.7609311471,25.9145557831,25.6361111303,25.8473450048,3185352.0
2015-05-21,26.76,26.91,26.46,26.84,5403619.0,0.0,1.0,25.6937203688,25.8377434651,25.4056741764,25.7705326868,5403619.0
2015-05-20,26.65,26.95,26.64,26.75,3430864.0,0.0,1.0,25.5881034316,25.8761496241,25.5785018918,25.6841188291,3430864.0
2015-05-19,26.02,26.89,25.94,26.86,3279750.0,0.0,1.0,24.9832064274,25.8185403856,24.9063941094,25.7897357663,3279750.0
2015-05-18,25.99,26.38,25.89,26.3,2182513.0,0.0,1.0,24.9544018082,25.3288618584,24.8583864107,25.2520495404,2182513.0
2015-05-15,26.45,26.582,25.9,25.93,2266920.0,0.0,1.0,25.3960726366,25.5228129613,24.8679879504,24.8967925697,2266920.0
2015-05-14,26.48,26.59,26.14,26.48,2561327.0,0.0,1.0,25.4248772559,25.5304941931,25.0984249044,25.4248772559,2561327.0
2015-05-13,26.29,26.41,25.99,26.23,3532424.0,0.0,1.0,25.2424480006,25.3576664776,24.9544018082,25.1848387621,3532424.0
2015-05-12,26.02,26.25,25.96,26.15,3526312.0,0.0,1.0,24.9832064274,25.2040418416,24.9255971889,25.1080264441,3526312.0
2015-05-11,25.83,26.19,25.83,26.07,4875078.0,0.0,1.0,24.8007771722,25.1464326031,24.8007771722,25.0312141261,4875078.0
2015-05-08,26.19,26.242,25.57,25.81,3298154.0,0.0,1.0,25.1464326031,25.1963606098,24.5511371387,24.7815740927,3298154.0
2015-05-07,25.82,25.96,25.61,25.95,2998342.0,0.0,1.0,24.7911756324,24.9255971889,24.5895432977,24.9159956492,2998342.0
2015-05-06,26.29,26.432,25.78,25.85,2614496.0,0.0,1.0,25.2424480006,25.3787898651,24.7527694734,24.8199802517,2614496.0
2015-05-05,26.23,26.47,26.14,26.24,2164075.0,0.0,1.0,25.1848387621,25.4152757161,25.0984249044,25.1944403019,2164075.0
2015-05-04,26.05,26.38,25.97,26.3,1626037.0,0.0,1.0,25.0120110466,25.3288618584,24.9351987287,25.2520495404,1626037.0
2015-05-01,26.15,26.302,25.91,25.98,2090668.0,0.1,1.0,25.1080264441,25.2539698483,24.8775894902,24.9448002684,2090668.0
2015-04-30,25.99,26.18,25.68,26.05,2700344.0,0.0,1.0,24.8587177521,25.0404475087,24.5622113072,24.9161060963,2700344.0
2015-04-29,25.63,26.29,25.6,26.09,3516940.0,0.0,1.0,24.5143876871,25.145659473,24.485693515,24.9543649924,3516940.0
2015-04-28,25.53,25.825,25.39,25.78,2557577.0,0.0,1.0,24.4187404468,24.7008998057,24.2848343104,24.6578585475,2557577.0
2015-04-27,25.7,25.84,25.48,25.48,4843454.0,0.0,1.0,24.5813407553,24.7152468917,24.3709168266,24.3709168266,4843454.0
2015-04-24,25.66,25.72,25.28,25.57,1918430.0,0.0,1.0,24.5430818592,24.6004702033,24.1796223461,24.4569993429,1918430.0
2015-04-23,25.66,25.74,25.28,25.64,2450858.0,0.0,1.0,24.5430818592,24.6195996514,24.1796223461,24.5239524111,2450858.0
2015-04-22,25.5,25.98,24.92,25.49,3563199.0,0.0,1.0,24.3900462747,24.8491530281,23.835292281,24.3804815507,3563199.0
2015-04-21,25.19,25.46,24.96,25.04,3493921.0,0.0,1.0,24.0935398298,24.3517873786,23.8735511771,23.9500689694,3493921.0
2015-04-20,25.19,25.28,24.97,25.11,2630029.0,0.0,1.0,24.0935398298,24.1796223461,23.8831159012,24.0170220376,2630029.0
2015-04-17,25.36,25.41,25.04,25.12,1303817.0,0.0,1.0,24.2561401383,24.3039637584,23.9500689694,24.0265867616,1303817.0
2015-04-16,25.6,25.63,25.2,25.49,1970965.0,0.0,1.0,24.485693515,24.5143876871,24.1031045538,24.3804815507,1970965.0
2015-04-15,25.15,25.66,25.02,25.6,3701309.0,0.0,1.0,24.0552809337,24.5430818592,23.9309395213,24.485693515,3701309.0
2015-04-14,25.15,25.25,25.02,25.14,1860841.0,0.0,1.0,24.0552809337,24.150928174,23.9309395213,24.0457162096,1860841.0
2015-04-13,25.19,25.46,24.98,25.45,4462650.0,0.0,1.0,24.0935398298,24.3517873786,23.8926806252,24.3422226546,4462650.0
2015-04-10,25.03,25.3,24.97,25.11,2606743.0,0.0,1.0,23.9405042453,24.1987517941,23.8831159012,24.0170220376,2606743.0
2015-04-09,25.0,25.14,24.93,25.04,3585019.0,0.0,1.0,23.9118100732,24.0457162096,23.844857005,23.9500689694,3585019.0
2015-04-08,25.0,25.09,24.88,25.0,4441601.0,0.0,1.0,23.9118100732,23.9978925895,23.7970333849,23.9118100732,4441601.0
2015-04-07,24.73,25.0,24.7,24.9,5752758.0,0.0,1.0,23.6535625244,23.9118100732,23.6248683524,23.8161628329,5752758.0
2015-04-06,24.48,24.8,24.28,24.75,3718418.0,0.0,1.0,23.4144444237,23.7205155927,23.2231499431,23.6726919725,3718418.0
2015-04-02,24.34,24.68,24.25,24.62,6024784.0,0.0,1.0,23.2805382873,23.6057389043,23.194455771,23.5483505601,6024784.0
2015-04-01,24.15,24.46,24.03,24.36,5348903.0,0.0,1.0,23.0988085307,23.3953149757,22.9840318424,23.2996677354,5348903.0
2015-03-31,24.22,24.29,24.04,24.13,3946570.0,0.0,1.0,23.165761599,23.2327146672,22.9935965664,23.0796790827,3946570.0
2015-03-30,24.5,24.68,24.16,24.32,5463482.0,0.0,1.0,23.4335738718,23.6057389043,23.1083732548,23.2614088392,5463482.0
2015-03-27,24.11,24.54,24.1,24.48,9244264.0,0.0,1.0,23.0605496346,23.4718327679,23.0509849106,23.4144444237,9244264.0
2015-03-26,24.04,24.29,23.83,24.12,62491480.0,0.0,1.0,22.9935965664,23.2327146672,22.7927373618,23.0701143587,62491480.0
2015-03-25,24.27,24.43,23.84,24.0,5000096.0,0.0,1.0,23.2135852191,23.3666208036,22.8023020858,22.9553376703,5000096.0
2015-03-24,24.7,24.92,24.24,24.32,2657602.0,0.0,1.0,23.6248683524,23.835292281,23.184891047,23.2614088392,2657602.0
2015-03-23,24.85,25.24,24.51,24.76,3773274.0,0.0,1.0,23.7683392128,24.1413634499,23.4431385958,23.6822566965,3773274.0
2015-03-20,24.78,25.02,24.74,24.8,6594055.0,0.0,1.0,23.7013861446,23.9309395213,23.6631272485,23.7205155927,6594055.0
2015-03-19,25.0,25.19,24.495,24.8,1824580.0,0.0,1.0,23.9118100732,24.0935398298,23.4287915098,23.7205155927,1824580.0
2015-03-18,25.45,25.84,25.1,25.19,1288586.0,0.0,1.0,24.3422226546,24.7152468917,24.0074573135,24.0935398298,1288586.0
2015-03-17,25.18,25.61,24.9,25.6,1225220.0,0.0,1.0,24.0839751058,24.495258239,23.8161628329,24.485693515,1225220.0
2015-03-16,24.93,25.32,24.77,25.31,1186824.0,0.0,1.0,23.844857005,24.2178812422,23.6918214206,24.2083165181,1186824.0
2015-03-13,25.17,25.23,24.43,24.77,3480912.0,0.0,1.0,24.0744103817,24.1317987259,23.3666208036,23.6918214206,3480912.0
2015-03-12,25.12,25.78,24.99,25.49,2143342.0,0.0,1.0,24.0265867616,24.6578585475,23.9022453492,24.3804815507,2143342.0
2015-03-11,25.0,25.2699,25.0,25.11,837650.0,0.0,1.0,23.9118100732,24.1699619748,23.9118100732,24.0170220376,837650.0
2015-03-10,24.95,25.2,24.79,25.0,1434336.0,0.0,1.0,23.8639864531,24.1031045538,23.7109508686,23.9118100732,1434336.0
2015-03-09,25.47,25.5347,25.11,25.23,1890638.0,0.0,1.0,24.3613521026,24.4232358671,24.0170220376,24.1317987259,1890638.0
2015-03-06,25.03,25.8,24.95,25.5,1542156.0,0.0,1.0,23.9405042453,24.6769879956,23.8639864531,24.3900462747,1542156.0
2015-03-05,24.89,25.32,24.61,25.3,1959248.0,0.0,1.0,23.8065981089,24.2178812422,23.5387858361,24.1987517941,1959248.0
2015-03-04,24.99,24.99,24.5,24.9,1781542.0,0.0,1.0,23.9022453492,23.9022453492,23.4335738718,23.8161628329,1781542.0
2015-03-03,24.82,25.05,24.58,25.04,905544.0,0.0,1.0,23.7396450407,23.9596336934,23.510091664,23.9500689694,905544.0
2015-03-02,24.8,25.18,24.62,24.85,1408937.0,0.0,1.0,23.7205155927,24.0839751058,23.5483505601,23.7683392128,1408937.0
2015-02-27,24.8,24.9999,24.71,24.84,468546.0,0.0,1.0,23.7205155927,23.911714426,23.6344330764,23.7587744888,468546.0
2015-02-26,24.94,24.995,24.61,24.85,702911.0,0.0,1.0,23.8544217291,23.9070277112,23.5387858361,23.7683392128,702911.0
2015-02-25,24.87,25.0,24.72,24.96,612615.0,0.0,1.0,23.7874686609,23.9118100732,23.6439978004,23.8735511771,612615.0
2015-02-24,24.86,25.07,24.77,24.93,530683.0,0.0,1.0,23.7779039368,23.9787631414,23.6918214206,23.844857005,530683.0
2015-02-23,25.1,25.1,24.675,24.91,743580.0,0.0,1.0,24.0074573135,24.0074573135,23.6009565423,23.825727557,743580.0
2015-02-20,25.1,25.26,24.862,25.25,744802.0,0.0,1.0,24.0074573135,24.160492898,23.7798168816,24.150928174,744802.0
2015-02-19,25.02,25.22,24.85,25.02,896846.0,0.0,1.0,23.9309395213,24.1222340019,23.7683392128,23.9309395213,896846.0
2015-02-18,25.63,25.63,25.06,25.21,1783474.0,0.0,1.0,24.5143876871,24.5143876871,23.9691984174,24.1126692779,1783474.0
2015-02-17,25.71,25.74,25.26,25.56,1807100.0,0.0,1.0,24.5909054793,24.6195996514,24.160492898,24.4474346189,1807100.0
2015-02-13,25.28,25.67,25.14,25.45,1164524.0,0.0,1.0,24.1796223461,24.5526465832,24.0457162096,24.3422226546,1164524.0
2015-02-12,24.8,25.37,24.75,25.33,985050.0,0.0,1.0,23.7205155927,24.2657048623,23.6726919725,24.2274459662,985050.0
2015-02-11,24.88,25.0,24.55,24.97,1393061.0,0.0,1.0,23.7970333849,23.9118100732,23.4813974919,23.8831159012,1393061.0
2015-02-10,24.73,24.96,24.53,24.82,1384891.0,0.0,1.0,23.6535625244,23.8735511771,23.4622680439,23.7396450407,1384891.0
2015-02-09,24.48,24.53,24.11,24.26,781608.0,0.0,1.0,23.4144444237,23.4622680439,23.0605496346,23.2040204951,781608.0
2015-02-06,24.41,25.0,24.22,24.5,1748389.0,0.0,1.0,23.3474913555,23.9118100732,23.165761599,23.4335738718,1748389.0
2015-02-05,24.09,24.41,23.98,24.35,984601.0,0.0,1.0,23.0414201866,23.3474913555,22.9362082222,23.2901030113,984601.0
2015-02-04,24.27,24.38,23.93,24.01,1102434.0,0.0,1.0,23.2135852191,23.3187971834,22.8883846021,22.9649023943,1102434.0
2015-02-03,23.91,24.45,23.8,24.29,1351750.0,0.1,1.0,22.869255154,23.3857502516,22.7640431897,23.2327146672,1351750.0
2015-02-02,23.85,24.16,23.69,24.0,1445837.0,0.0,1.0,22.7183372207,23.013627977,22.5659290884,22.8612198447,1445837.0
2015-01-30,24.1,24.24,23.81,23.9,1882316.0,0.0,1.0,22.9564749274,23.0898320431,22.6802351876,22.765964762,1882316.0
2015-01-29,23.92,24.35,23.26,24.24,1818610.0,0.0,1.0,22.7850157785,23.1946126341,22.1563322328,23.0898320431,1818610.0
2015-01-28,24.17,24.35,23.84,23.86,1301860.0,0.0,1.0,23.0231534852,23.1946126341,22.7088117124,22.7278627289,1301860.0
2015-01-27,23.86,24.64,23.7601,24.15,1308167.0,0.0,1.0,22.7278627289,23.4708523739,22.6327029013,23.0041024687,1308167.0
2015-01-26,23.75,24.31,23.53,24.09,1167764.0,0.0,1.0,22.623082138,23.156510601,22.4135209561,22.9469494191,1167764.0
2015-01-23,24.04,24.04,23.67,23.71,656610.0,0.0,1.0,22.8993218778,22.8993218778,22.5468780718,22.5849801049,656610.0
2015-01-22,23.3,24.16,23.28,24.14,486535.0,0.0,1.0,22.1944342659,23.013627977,22.1753832493,22.9945769604,486535.0
2015-01-21,23.07,23.59,23.01,23.28,787349.0,0.0,1.0,21.9753475757,22.4706740057,21.9181945261,22.1753832493,787349.0
2015-01-20,23.16,23.85,22.91,23.1,1742114.0,0.0,1.0,22.0610771501,22.7183372207,21.8229394434,22.0039241005,1742114.0
2015-01-16,22.83,23.24,22.79,23.19,1951966.0,0.0,1.0,21.7467353773,22.1372812163,21.7086333442,22.0896536749,1951966.0
2015-01-15,23.37,23.61,22.67,22.96,1558030.0,0.0,1.0,22.2611128238,22.4897250222,21.594327245,21.8705669847,1558030.0
2015-01-14,23.6,23.744,23.1,23.44,962525.0,0.0,1.0,22.4801995139,22.617366833,22.0039241005,22.3277913816,962525.0
2015-01-13,23.94,24.19,23.61,23.87,990061.0,0.0,1.0,22.8040667951,23.0422045018,22.4897250222,22.7373882372,990061.0
2015-01-12,23.8,24.04,23.62,23.88,941126.0,0.0,1.0,22.6707096793,22.8993218778,22.4992505305,22.7469137455,941126.0
2015-01-09,24.15,24.18,23.78,23.89,718867.0,0.0,1.0,23.0041024687,23.0326789935,22.6516586628,22.7564392537,718867.0
2015-01-08,24.07,24.48,23.94,24.18,661452.0,0.0,1.0,22.9278984026,23.3184442416,22.8040667951,23.0326789935,661452.0
2015-01-07,23.99,24.13,23.79,24.0,1160199.0,0.0,1.0,22.8516943364,22.9850514522,22.661184171,22.8612198447,1160199.0
2015-01-06,24.17,24.22,23.7,23.91,2075044.0,0.0,1.0,23.0231534852,23.0707810266,22.5754545966,22.7754902703,2075044.0
2015-01-05,24.58,24.68,23.84,24.18,1330389.0,0.0,1.0,23.4136993243,23.5089544069,22.7088117124,23.0326789935,1330389.0
2015-01-02,24.97,25.0,24.29,24.76,643550.0,0.0,1.0,23.7851941467,23.8137706715,23.1374595845,23.5851584731,643550.0
2014-12-31,25.25,25.285,24.83,24.86,621617.0,0.0,1.0,24.0519083783,24.0852476572,23.651837031,23.6804135558,621617.0
2014-12-30,25.46,25.5,25.16,25.19,511820.0,0.0,1.0,24.2519440519,24.290046085,23.9661788038,23.9947553286,511820.0
2014-12-29,25.2,25.51,25.18,25.37,1070954.0,0.0,1.0,24.0042808369,24.2995715932,23.9852298204,24.1662144775,1070954.0
2014-12-26,25.51,25.51,25.25,25.31,304036.0,0.0,1.0,24.2995715932,24.2995715932,24.0519083783,24.1090614279,304036.0
2014-12-24,25.45,25.59,25.18,25.51,547225.0,0.0,1.0,24.2424185436,24.3757756594,23.9852298204,24.2995715932,547225.0
2014-12-23,25.31,25.5,25.12,25.44,1174551.0,0.0,1.0,24.1090614279,24.290046085,23.9280767708,24.2328930354,1174551.0
2014-12-22,25.16,25.2786,24.66,25.1,1689581.0,0.0,1.0,23.9661788038,24.0791513319,23.4899033904,23.9090257542,1689581.0
2014-12-19,25.04,25.6,24.84,25.0,7523121.0,0.0,1.0,23.8518727046,24.3853011677,23.6613625392,23.8137706715,7523121.0
2014-12-18,24.75,25.14,24.68,25.08,1768470.0,0.0,1.0,23.5756329648,23.9471277873,23.5089544069,23.8899747377,1768470.0
2014-12-17,24.22,24.8,24.22,24.56,2160460.0,0.0,1.0,23.0707810266,23.6232605062,23.0707810266,23.3946483077,2160460.0
2014-12-16,24.53,24.875,24.22,24.25,1314152.0,0.0,1.0,23.3660717829,23.6947018182,23.0707810266,23.0993575514,1314152.0
2014-12-15,24.68,24.805,24.27,24.49,1175223.0,0.0,1.0,23.5089544069,23.6280232603,23.1184085679,23.3279697498,1175223.0
2014-12-12,24.52,24.83,24.4,24.46,950809.0,0.0,1.0,23.3565462747,23.651837031,23.2422401754,23.299393225,950809.0
2014-12-11,24.85,25.28,24.51,24.69,1709147.0,0.0,1.0,23.6708880475,24.0804849031,23.3470207664,23.5184799152,1709147.0
2014-12-10,25.15,25.41,24.62,24.65,630958.0,0.0,1.0,23.9566532956,24.2043165106,23.4518013573,23.4803778821,630958.0
2014-12-09,24.71,25.33,24.5,25.16,1141758.0,0.0,1.0,23.5375309318,24.1281124444,23.3374952581,23.9661788038,1141758.0
2014-12-08,25.08,25.14,24.68,25.04,2244927.0,0.0,1.0,23.8899747377,23.9471277873,23.5089544069,23.8518727046,2244927.0
2014-12-05,24.45,25.22,24.45,25.15,1008380.0,0.0,1.0,23.2898677168,24.0233318535,23.2898677168,23.9566532956,1008380.0
2014-12-04,24.32,24.56,24.09,24.4,1433907.0,0.0,1.0,23.1660361093,23.3946483077,22.9469494191,23.2422401754,1433907.0
2014-12-03,24.33,24.59,24.19,24.23,1854537.0,0.0,1.0,23.1755616175,23.4232248325,23.0422045018,23.0803065349,1854537.0
2014-12-02,24.02,24.43,23.8,24.2,1369272.0,0.0,1.0,22.8802708612,23.2708167002,22.6707096793,23.0517300101,1369272.0
2014-12-01,24.62,24.895,23.49,23.98,2282591.0,0.0,1.0,23.4518013573,23.7137528347,22.375418923,22.8421688281,2282591.0
2014-11-28,24.22,25.09,24.05,24.63,713406.0,0.0,1.0,23.0707810266,23.899500246,22.908847386,23.4613268656,713406.0
2014-11-26,24.11,24.27,23.92,24.23,703711.0,0.0,1.0,22.9660004356,23.1184085679,22.7850157785,23.0803065349,703711.0
2014-11-25,24.24,24.3,24.02,24.03,701615.0,0.0,1.0,23.0898320431,23.1469850927,22.8802708612,22.8897963695,701615.0
2014-11-24,23.8,24.36,23.68,24.25,836847.0,0.0,1.0,22.6707096793,23.2041381424,22.5564035801,23.0993575514,836847.0
2014-11-21,23.95,24.21,23.695,23.77,725247.0,0.0,1.0,22.8135923033,23.0612555183,22.5706918425,22.6421331545,725247.0
2014-11-20,23.57,23.87,23.5001,23.71,745775.0,0.0,1.0,22.4516229891,22.7373882372,22.3850396863,22.5849801049,745775.0
2014-11-19,23.8,24.0,23.51,23.72,812772.0,0.0,1.0,22.6707096793,22.8612198447,22.3944699395,22.5945056132,812772.0
2014-11-18,24.04,24.04,23.71,23.73,586010.0,0.0,1.0,22.8993218778,22.8993218778,22.5849801049,22.6040311214,586010.0
2014-11-17,24.11,24.11,23.56,24.0,992390.0,0.0,1.0,22.9660004356,22.9660004356,22.4420974809,22.8612198447,992390.0
2014-11-14,23.74,24.0,23.74,23.96,1111501.0,0.0,1.0,22.6135566297,22.8612198447,22.6135566297,22.8231178116,1111501.0
2014-11-13,23.62,23.96,23.58,23.82,1149713.0,0.0,1.0,22.4992505305,22.8231178116,22.4611484974,22.6897606958,1149713.0
2014-11-12,23.75,23.98,23.51,23.86,940834.0,0.0,1.0,22.623082138,22.8421688281,22.3944699395,22.7278627289,940834.0
2014-11-11,23.97,24.22,23.75,23.94,658274.0,0.0,1.0,22.8326433199,23.0707810266,22.623082138,22.8040667951,658274.0
2014-11-10,24.04,24.25,23.75,23.95,1531257.0,0.0,1.0,22.8993218778,23.0993575514,22.623082138,22.8135923033,1531257.0
2014-11-07,24.48,24.48,23.96,23.97,600659.0,0.0,1.0,23.3184442416,23.3184442416,22.8231178116,22.8326433199,600659.0
2014-11-06,23.79,24.46,23.75,24.3,1010740.0,0.0,1.0,22.661184171,23.299393225,22.623082138,23.1469850927,1010740.0
2014-11-05,23.8,23.95,23.55,23.9,1097594.0,0.0,1.0,22.6707096793,22.8135923033,22.4325719726,22.765964762,1097594.0
2014-11-04,23.74,23.91,23.43,23.6,1474474.0,0.1,1.0,22.6135566297,22.7754902703,22.3182658734,22.4801995139,1474474.0
2014-11-03,23.49,24.0,23.16,24.0,1826936.0,0.0,1.0,22.2810078727,22.7647590015,21.9679924364,22.7647590015,1826936.0
2014-10-31,23.59,23.92,23.37,23.62,1238628.0,0.0,1.0,22.3758610352,22.6888764715,22.1671840777,22.4043169839,1238628.0
2014-10-30,23.46,23.69,23.2971,23.44,1153487.0,0.0,1.0,22.2525519239,22.4707141977,22.0980361222,22.2335812914,1153487.0
2014-10-29,23.35,23.53,23.2,23.48,1302330.0,0.0,1.0,22.1482134452,22.3189491377,22.0059337014,22.2715225564,1302330.0
2014-10-28,23.16,23.59,22.93,23.28,1500595.0,0.0,1.0,21.9679924364,22.3758610352,21.7498301626,22.0818162314,1500595.0
2014-10-27,23.15,23.19,22.725,22.85,2898819.0,0.0,1.0,21.9585071202,21.9964483852,21.5553811795,21.6739476326,2898819.0
2014-10-24,23.32,23.49,22.77,23.18,1357806.0,0.0,1.0,22.1197574964,22.2810078727,21.5980651026,21.9869630689,1357806.0
2014-10-23,22.97,23.08,22.59,23.03,1154177.0,0.0,1.0,21.7877714276,21.8921099064,21.4273294101,21.8446833251,1154177.0
2014-10-22,22.78,23.0,22.4025,22.6,884653.0,0.0,1.0,21.6075504189,21.8162273764,21.2494797304,21.4368147264,884653.0
2014-10-21,22.11,22.93,22.11,22.82,1165506.0,0.0,1.0,20.9720342301,21.7498301626,20.9720342301,21.6454916839,1165506.0
2014-10-20,21.82,22.38,21.82,22.38,1870599.0,0.0,1.0,20.6969600588,21.2281377689,20.6969600588,21.2281377689,1870599.0
2014-10-17,21.89,22.07,21.73,21.92,2750608.0,0.0,1.0,20.7633572726,20.9340929651,20.6115922126,20.7918132213,2750608.0
2014-10-16,21.51,21.95,21.47,21.8,3105758.0,0.0,1.0,20.4029152551,20.8202691701,20.3649739901,20.6779894263,3105758.0
2014-10-15,22.13,22.2,21.5,21.85,3405401.0,0.0,1.0,20.9910048626,21.0574020763,20.3934299388,20.7254160076,3405401.0
2014-10-14,22.5,22.79,22.3,22.45,1605776.0,0.0,1.0,21.3419615639,21.6170357351,21.1522552389,21.2945349826,1605776.0
2014-10-13,22.13,22.66,22.12,22.45,1382774.0,0.0,1.0,20.9910048626,21.4937266239,20.9815195463,21.2945349826,1382774.0
2014-10-10,22.39,22.56,22.135,22.28,924069.0,0.0,1.0,21.2376230851,21.3988734614,20.9957475207,21.1332846064,924069.0
2014-10-09,23.0,23.0,22.24,22.48,1229058.0,0.0,1.0,21.8162273764,21.8162273764,21.0953433413,21.3229909314,1229058.0
2014-10-08,22.11,23.15,22.11,22.75,1649208.0,0.0,1.0,20.9720342301,21.9585071202,20.9720342301,21.5790944701,1649208.0
2014-10-07,22.56,22.74,22.26,22.52,1508726.0,0.0,1.0,21.3988734614,21.5696091539,21.1143139738,21.3609321964,1508726.0
2014-10-06,23.28,23.37,22.61,22.64,1208403.0,0.0,1.0,22.0818162314,22.1671840777,21.4463000426,21.4747559914,1208403.0
2014-10-03,23.38,23.47,23.01,23.23,1585901.0,0.0,1.0,22.1766693939,22.2620372402,21.8257126926,22.0343896502,1585901.0
2014-10-02,23.34,23.59,23.303,23.34,3121384.0,0.0,1.0,22.1387281289,22.3758610352,22.1036324588,22.1387281289,3121384.0
2014-10-01,23.22,23.61,23.11,23.44,3915508.0,0.0,1.0,22.0249043339,22.3948316677,21.9205658552,22.2335812914,3915508.0
2014-09-30,23.11,23.57,23.05,23.42,4103103.0,0.0,1.0,21.9205658552,22.3568904027,21.8636539576,22.2146106589,4103103.0
2014-09-29,23.14,23.45,22.91,23.23,4832586.0,0.0,1.0,21.9490218039,22.2430666077,21.7308595301,22.0343896502,4832586.0
2014-09-26,23.18,23.37,22.91,23.25,2504353.0,0.0,1.0,21.9869630689,22.1671840777,21.7308595301,22.0533602827,2504353.0
2014-09-25,22.56,23.41,22.45,23.05,8430006.0,0.0,1.0,21.3988734614,22.2051253427,21.2945349826,21.8636539576,8430006.0
2014-09-24,21.5,23.22,21.35,23.08,60428679.0,0.0,1.0,20.3934299388,22.0249043339,20.251150195,21.8921099064,60428679.0
